UUID,Indonesia,Amiyah,Amiyah (Arab),Fushah,Fushah (Arab),Kategori,Contoh Pengunaan
333d79fe-36d2-44d8-a9e4-3492b7d406fb,Abad,al qorn,الْقَرْن,al-qarn,الْقَرْن,Waktu,Al qorn al māضي kaanمختلف. : Abad lalu berbeda. (Al qarn al māḍī kāna mukhtalif.)
9b0ed7de-5905-49ef-a351-5544d1a8a8c5,AC,mukayyif,مُكَيِّف,mukayyif,مُكَيِّف,Hotel dan rumah,Al-mukayyif mā yشتغل. : AC-nya tidak berfungsi.
2f9d4e23-e18f-4278-8ae8-a596e9860483,Ada,fii,فِي,hal,هل,Belanja dan harga,Fii mawj mawjood al yowm? : Ada pisang hari ini?
ede0f971-2b4a-4343-9ff3-148898b60397,ada,mawjūd,مَوْجُود,mawjūd,موجود,Ucapan umum,Hal al mudir mawjūd? : Apakah direktur ada?
cea75022-39c0-4145-82af-63615c529b5c,Ada apa ?,fii shay',في شيئ ؟,hal min shay'in,هَلْ مِنْ شَيْءٍ؟,Ucapan umum,Fii shay' agdar asaa'idak fiih? : Ada apa
998ec2cc-2306-4b94-8c2a-3e861691642e,air,muyyaah,موية,Maa',ماء,Ucapan umum,Jib li kassat muyyaah : Bawakan saya segelas air
b5b0a5da-7b32-4c26-8ab0-b3b57668f540,Akal,mukh,مُخّ,aql,عَقْل,Ucapan umum,Laazim tistakhdim mukhak shwayya. : Kamu harus menggunakan akalmu sedikit.
48bf8c4f-d754-4016-879f-51b4b3de7661,akan,tishal,تِصَل,sa-tasilu,سَتَصِلُ,Arah dan jalan,Mata tishal ilal bayt? : Kapan kamu akan sampai rumah?
f3139126-f175-4e95-b0ab-4b30b1e45b9a,akan,sa-,سَـ,sa-,سـ,Ucapan umum,Sa-adhab ilaa al suuq ghadan. : Saya akan pergi ke pasar besok.
f06c7c75-4a40-41f4-a903-bd0053db9a39,aku,ana,أَنَا,ana,أَنَا,Ucapan umum,Aku Taalib hnaa كمان. : Aku siswa di sini juga.
c1866f6e-174b-43a5-a95d-b02ff3535598,Aku akan menunggumu,biddi astanniik,بِدِّي أَسْتَنِّيكْ,sa'antaẓiruka,سَأَنْتَظِرُكَ,Ucapan umum,Biddi astanniik hna la tinسى. : Aku akan menunggumu di sini jangan lupa.
ac5ec6ee-c56e-4e38-83f9-4a47d6c1f9e7,Aku menunggu kamu,astannaak,أَسْتَنَّاكْ,ana antaẓiruka,أَنَا أَنْتَظِرُكَ,Ucapan umum,Ana astannaak qaroob min al-baab. : Aku menunggu kamu dekat pintu.
39c76aeb-b5a4-466a-b691-5af9a4d4a641,Alamat,‘unwaan,عُنْوَان,‘unwaan,عنوان,Arah dan jalan,A'thinii 'unwaanak bil kaamil. : Beri saya alamat lengkapmu.
2f0dc900-efe0-48ec-a533-a383b558cc45,Ambil,jib,جِب,khudh,خُذ,Ucapan umum,Jib al-shantah min fadlak : Ambil kopernya tolong
e854e71f-2a5f-4b49-a348-c5e1678bf1e3,ambil,akhudz,أَخُذْ,akhudhu,آخذ,Ucapan umum,Mumkin akhudz haadza al kursii? : Bolehkah saya ambil kursi ini?
99a075ce-e225-4eb5-87af-d34407fee049,ambil,jib,جِبْ,khudh,خُذْ,Ucapan umum,Jib lī al-ḥaqībah. : Ambilkan saya tas itu.
469f0805-a39b-404a-8970-a2309c4c3be8,ambil saja,khudz bas,خُذ بَس,khudh faqaṭ,خُذ فَقَط,Ucapan umum,Khudz bas haadhihi al aan. : Ambil saja ini sekarang.
b6cddb7c-bb4e-4dc2-a7d2-70ce15bb2440,ambil sendiri,khudh binafsak,خذ بنفسك,Khudh binafsik,خذ بنفسك,Arah dan jalan,Khudh binafsak ma tabgha : Ambil sendiri apa yang kamu mau
5c325202-21b7-4df4-96de-49b26e429eed,Ambilkan,khudz,خُذ,khudh,خُذ,Ucapan umum,Khudz haadza al kitaab. : Ambilkan buku ini.
cb440efd-7080-419c-a048-b15542d633fc,anak,athfaal,أَطْفَال,atfaal,أطفال,Belanja dan harga,Al athfaal yal'abuun fii al hadiieqah. : Anak-anak bermain di taman.
25466e9b-8b8e-4d0d-82ab-106c10f7e85b,anak,walad,وَلَد,walad,وَلَد,Ucapan umum,Hadha walad mujtahid جداً. : Ini anak yang sangat rajin.
16bd1e19-52a1-43cc-9d3e-428c793cefde,Anda,inta,إِنْتَ,anta,أَنْتَ,Hotel dan rumah,Inta shakhṣ ṭayyib. : Anda orang baik.
236e84c2-c8f8-4696-bad3-84ae27d1d21c,anggur,al 'inab,العِنَب,al-‘inab,العِنَب,Belanja dan harga,Kam kiiluu al 'inab? : Berapa kilo anggur?
58386922-815a-44a7-aa3e-bb2e609ab661,apa,daaka,دَاكَ,mā,مَا,Ucapan umum,Isy daaka al shay? : Apa benda itu?
6aa7e259-3563-4351-b54e-b0ee467a9e24,apa,ēsh,إِيش,mādhā,مَاذَا,Ucapan umum,Ēsh ismak ya akhī? : Siapa nama kamu wahai saudaraku?
12690dcc-7288-440b-baa1-90cb9efc11a6,apa lagi,isy tsaani,إِيش ثَانِي,mā ‘āda,مَاذَا أَيْضًا,Ucapan umum,Isy tsaani tabghaa minii? : Apa lagi yang kamu mau dariku?
2de577ec-5f73-4889-9fbd-2e6e19997931,Apa-apa,shay,شَيْء,shay',شَيْء,Ucapan umum,Maa fii shay yakhuf. : Tidak ada apa-apa yang menakutkan.
9409d107-5289-4e85-96bb-54e517e4a35b,apel,at tuffaah,التُّفَّاح,at-tuffāḥ,التُّفَّاح,Belanja dan harga,Haadza at tuffaah laziiz. : Apel ini enak.
ce181731-663d-4847-8aed-6f266f5eec73,atas,fauq,فوق,Fawq,فوق,Arah dan jalan,Shuf fauq : Lihat ke atas
3bbae599-6a19-47d7-b579-e60b53b6906e,atas,ala,عَلَى,ala,عَلَى,Ucapan umum,Al-kitaab 'ala al-maktab. : Buku itu di atas meja.
491c20a5-0e68-4c73-8971-bbf2fe436ec3,atau,aw,أَوْ,aw,أَوْ,Ucapan umum,Aw la? : Atau tidak?
ec5b15de-cb37-4a71-b651-d38c83c403c9,atau,wala,ولا,Aw,أو,Arah dan jalan,Tabgha shay wala qahwah? : Kamu mau teh atau kopi?
4ee88805-3778-4bba-957a-081c4e416290,ayam,dujaajah,دُجَاجَة,dujājah,دَجَاجَة,Belanja dan harga,Kam si'r dujaajah waahidah? : Berapa harga satu ayam?
d0be5903-2d25-449e-a70d-b4bb123d6590,ayam,dujaaj,دُجَاج,dujāj,دَجَاج,Belanja dan harga,Abghoo nuṣf kiiluu dujaaj. : Saya mau setengah kilo ayam.
0ac822cc-215d-47c3-b64e-b7555541bf89,Bagaimana,keef,كِيْف,kayfa,كَيْفَ,Ucapan umum,Keef as-sihha ya akhi? : Bagaimana kesehatanmu
4eb534cb-0d48-411a-a866-af22b13f26b7,bagus,mumtaazah,مُمْتَازَة,mumtāzah,ممتازة,Ucapan umum,Haadhihi al khidmah mumtaazah. : Pelayanan ini bagus sekali.
6c2e1d0a-a656-4837-8958-6c7d28533d6a,Bagus,jayyid,جَيِّد,jayyid,جيد,Ucapan umum,Haadza al film jayyid. : Film ini bagus.
1e3d957d-a6a2-4da7-8033-259769d2159a,Bagus,kuwayyis,كُوَيِّس,jayyid,جَيِّد,Ucapan umum,Al-jaww kuwayyis al-yōm. : Cuacanya bagus hari ini.
75cc8642-98fa-460e-aa5f-70e19500743f,Bagus,miyyeh,مِيَّة,jayyid,جَيِّد,Ucapan umum,Hadha fikra miyyeh miyyeh. : Ini ide yang bagus sekali.
da561260-7842-469b-ba85-ace0ff9cb098,Baik,thayyib,طَيِّبْ,thayyib,طَيِّبْ,Ucapan umum,"Baik, saya mengerti ucapanmu."
b6a6d5b3-2b6c-4158-acc1-3a478629c266,baju,malaabis,المَلَابِس,al-malābis,المَلَابِس,Belanja dan harga,Hadhihi malaabis jamiilah jiddan : Baju ini sangat indah
b58154d3-6ca6-4dbf-aeb6-6b75efdaeac3,Bangkrut,muflis,مُفْلِس,muflis,مُفْلِس,Ucapan umum,Ba'da khasaaratih
bd693666-22c1-467b-bb0e-92195f2dacd2,Bantu,saa'id,سَاعِد,usaa'id,أُسَاعِد,Ucapan umum,Ana abgha asaa'idak fi shughlak. : Saya mau bantu kamu dalam pekerjaanmu.
54462212-4eaf-49b7-a0ec-3d8b81392776,Banyak,katsiir,كَثِير,katsiir,كَثِير,Ucapan umum,Indi asyghaal katsiir. : Saya punya banyak pekerjaan.
c3a1a791-3485-446a-8169-56e4da679fec,bapak,syaykh,شَيْخُ,syaykh,شيخ,Arah dan jalan,Ya syaykh : Wahai bapak
bf199e38-d8b6-4e83-b63b-28e1fea9ef1b,barang-barang saya,hawaayji,حوايجي,Aghraadee,أغراضي,Arah dan jalan,Hawaayji hina : Barang-barang saya di sini
94e50274-41b6-4cdc-a6dc-df81e30553c8,barang-barangnya,ḥawā'ij,حَوَائِج,aghrāḍ,أَغْرَاض,Hotel dan rumah,Jammi' ḥawā'ijak min hinā. : Kumpulkan barang-barangmu dari sini.
277d6d89-0572-4da6-8243-20b54641d899,Baru,lissah,لِسَّه,hadithan,حَدِيثًا,Arah dan jalan,Ana lissah آكل (aakul) al futur. : Saya baru saja makan sarapan.
f96ee4ba-676d-4f2e-bbd2-9e4f5866ba23,Baru,duub,دُوب,tawwan,تَوًّا,Ucapan umum,Duub waSal al-qitaar. : Kereta baru saja sampai.
d3a37eef-34a3-413e-a347-2724fd31429f,Bawah,taht,تَحْت,tahta,تَحْتَ,Ucapan umum,Al-kursi taht ash-shubbak. : Kursi itu di bawah jendela.
f3b4b20e-8359-4db5-bca4-d5e6f2582670,bayar,adfa’,أَدْفَع,adfa‘u,أدفع,Belanja dan harga,Fiin mumkin adfa' al hisaab? : Di mana saya bisa bayar tagihannya?
828acf75-cc8d-4922-9f6a-c777b2ca638c,Beberapa bulan,syahrul 'asal,شَهْرُ الْعَسَلِ,shahr al-ʿasal,شَهْرُ الْعَسَلِ,Waktu,Syahrul 'asal kaan mumti'. : Bulan madunya menyenangkan.
4492336d-4e50-4b74-80ac-02dcd4e20cf3,Beberapa detik,tsawaan,ثَوَانٍ,thawānin,ثَوَانٍ,Waktu,Tsawaan wa yiji al baaS. : Beberapa detik dan busnya datang.
a3764c16-f950-48d1-a4e0-ddbba35e59df,Beberapa jam,saa'aat,سَاعَات,sāʿāt,سَاعَات,Waktu,Nashrab qahwah ba'da saa'aat. : Kita ngopi setelah beberapa jam.
49b2eac2-4538-41ec-a345-e3c9543bf95d,Beberapa menit,daqoo'iq,دَقَائِقُ,daqāʾiq,دَقَائِقُ,Waktu,Yakhudh daqoo'iq qaliilah faqat. : Hanya butuh beberapa menit saja.
2fa220c6-0c4d-4a31-b960-e0f79f89348b,Beberapa tahun,siniin,سِنِيْن,sinīn,سِنِين,Waktu,Marraat siniin 'ala hadha. : Bertahun-tahun telah berlalu untuk ini.
8f76d5fd-f4da-4432-ba19-f721394b7057,Kasur,sariir,سَرِير,sarir,سَرِير,Hotel dan rumah,Al-sariir murih jiddan. : Tempat tidur ini sangat nyaman.
ea939399-2263-4aa7-a794-184dcaacb3ac,belanja,asytarii,أَشْتَرِي,ashtarī,أَشْتَرِي,Belanja dan harga,Abghaa asytarii hadaaya li-ahli : Saya mau belanja oleh-oleh untuk keluargaku
7b1e70b7-2037-4edc-a85d-2a4fc70529d5,belas,ashar,عشر,asyar,عَشَرَ,Angka,Khamsṭā'shar fīhā 'ashar. : Lima belas ada 'belas'-nya.
f313ab0e-298b-439f-8769-5622d02ecfc8,beli,asyytarii,أَشْتَرِي,asytarii,أشتري,Belanja dan harga,Baddii asyytarii haadza al fustaan. : Saya mau beli gaun ini.
a48ba85d-3b8e-4a9f-b17b-67dcc1a0ee67,Belok,idkhulu,إِدْخُلُ,iltafet,اِلْتَفِتْ,Arah dan jalan,Idkhulu yamiin 'ind al ishaarah. : Belok kanan di lampu merah.
8506b335-4ff5-4c92-a6fa-f437558980a9,Belok,luff,لُفّ,in'atif,إِنْعَطِفْ,Ucapan umum,Luff yamiin 'ind al-ishaara. : Belok kanan di lampu lalu lintas.
46cef9b9-6582-4aad-9f59-0cc0f2a11b5e,Belum,lissah,لِسَّة,mā zāla,مَا زَالَ,Waktu,Lissah ma khalasht shughlii. : Saya belum selesai pekerjaan saya.
9838ae5b-be5e-4769-825c-6f2fa30ee6bd,Benar,sah,صَحّ,saheeh,صَحِيح,Ucapan umum,Kalaamak sahh
e142bd49-7e3a-49b2-b4d3-2c4e0e385da5,berapa,bikam,بِكَمْ,bikam,بِكَمْ,Arah dan jalan,Bikam haza? : Berapa ini?
ca16e777-2082-4a8d-b17d-45310c7fe566,berapa,kam,كَم,kam,كَم,Ucapan umum,Kam 'umrak yaa walad? : Berapa umurmu nak?
59fefeb8-de61-4349-b860-17e590756457,Berbagai,mutanawwi',مُتَنَوِّع,mutanawwi'a,مُتَنَوِّعَة,Ucapan umum,Fii anwaa' mutanawwi' min al-fawaakih. : Ada berbagai jenis buah-buahan.
62999595-b0d5-4258-bd9f-25c930af8310,berhenti,qif,قف,Tawaqqaf,توقف,Arah dan jalan,Qif hina ya sawwaaq : Berhenti di sini wahai sopir
cf1e77db-5f01-41db-89e3-cb1730e25aa2,Beri,addiinii,أَدِّيْنِي,a'thinii,أعطني,Arah dan jalan,Addiinii al-kitab : Beri saya bukunya
8c511455-e4a0-4832-b5c9-3ea06cdcf03f,Beri,addiik,أُدِّيْكَ,u'tiika,أعطيك,Arah dan jalan,Addiik al-ma' : Beri kamu air
9c924eb3-110c-42bc-abe4-f2537052ded1,beri,jib,جِب,ā‘ṭi,أَعْطِ,Ucapan umum,Jib lii al maa'. : Beri saya air.
2f9e2073-96d9-43a7-aefb-14b1d4473174,beri,a'ṭi,أَعْطِ,a'ṭi,أَعْطِ,Ucapan umum,A'ṭinī al-mafātīḥ min faḍlak. : Beri saya kunci-kunci tolong.
974c1269-b533-41b7-be36-c3c6182169aa,berilah,a‘thini,أَعْطِينِي,a‘ṭini,أَعْطِنِي,Ucapan umum,A'thini al qalam min fadlak. : Berilah saya pulpen tolong.
8911dfb7-d899-4e6a-bfcc-2ba6dfc9551e,berjalanlah,imsyi,اِمْشِي,imshi,اِمْشِ,Arah dan jalan,Imsyi ala mahlik la tista'jil : Berjalanlah pelan-pelan jangan terburu-buru
799aa61e-0e8a-4659-934e-22d2835956e8,Bersamaku,ma'aaya,مَعَايَ,ma'ee,مَعِي,Ucapan umum,Tabgha truuح ma'aaya? : Kamu mau pergi bersamaku?
0ba0771a-c73d-4688-8358-47e8ab4f0e0d,Besok,bukroh,بُكْرَة,bukrah,بُكْرَة,Waktu,Bukroh nruuH al Hadiiqah sawa. : Besok kita pergi ke taman bersama.
0951f837-0317-43ca-8af0-02e7c37993e2,Besok lusa,ba'd bukroh,بَعْد بُكْرَة,baʿda bukrah,بَعْدَ بُكْرَة,Waktu,Nshoofak ba'd bukroh ya sahib. : Sampai jumpa besok lusa ya kawan.
e86520d3-5ab7-48e7-89cc-7b49df23a3d2,biarkan,sībak,سِيبَك,utruk,اتْرُكْ,Ucapan umum,Sībak al-mawḍū' hādha. : Biarkan topik ini.
e9410bf8-b11c-47b6-942a-8bc813a74b39,Biarkan,kholli,خَلِّ,utruk,اُتْرُكْ,Ucapan umum,Kholli al-baab maftuuH لو سمحت. : Biarkan pintu terbuka
4f5f8be2-27a7-4506-901f-3a3cc40b6c27,Bilyard,bilyaarduu,بِلْيَارْدُو,bilyardu,بِلْيَارْدُو,Hotel dan rumah,Yalla nil'ab bilyaarduu. : Ayo kita main bilyar.
55ad50fc-b3b0-4bb0-afcd-a34ddb475b36,bintang,nujuum,نُجُومْ,nujum / najm,نُجُوم / نَجْم,Hotel dan rumah,Funduq khams nujuum. : Hotel bintang lima.
f4b62640-ff2f-46ed-8f2c-1ae8217d7dff,Bisa,nazzil,نَزِّل,hal mumkin an tunazzil,هل ممكن أن تنزل,Ucapan umum,Mumkin nazzil al si'r shway? : Bisa turunkan harganya sedikit?
bb01570e-a656-4548-89b9-ae766b7ada9b,bisa,aqdir,أَقْدِر,astaṭī‘u,أستطيع,Ucapan umum,Ana aqdir asaa'idak fii haadza. : Saya bisa membantumu dalam hal ini.
b8dfaaf6-273c-46b9-b65f-4d9f7d79867d,Bohong,kidzb,كِذْب,kadhib,كَذِب,Ucapan umum,Da kulluh kidzb fi kidzb. : Ini semua bohong belaka.
7fadccc8-26c4-4d8f-94b0-5871ceeb3f4c,boleh,mumkin,مُمْكِنْ,yumkin,يُمْكِنُ,Ucapan umum,Mumkin astakhdim hātifak? : Bolehkah saya gunakan teleponmu?
6afbbc4c-32de-49c9-91a7-17e0b9e59ed3,Bolehlah,mā 'alayh,مَا عَلَيْه,lā ba's,لَا بَأْس,Ucapan umum,Mā 'alayh
2b9bca4a-d829-4df7-838e-90daca110bd3,booking,ahjiz,أَحْجِزْ,ahjizu,أَحْجِزُ,Hotel dan rumah,Momken ahjiz ghurfah? : Bisakah saya booking kamar?
bcf403d7-6993-49b4-a387-16e2331d4112,Bookingkan,ihjaz,إحْجِزْ,ihjiz,إِحْجِزْ,Hotel dan rumah,Ihjaz li ghurfah min fadlak. : Tolong bookingkan kamar untuk saya.
da7513c8-c8bc-4522-88b6-99f658a8711d,buah-buahan,fawaakih,الفَوَاكِه,al-fawākih,الفَوَاكِه,Belanja dan harga,Ishtarayt fawaakih kathiirah : Saya membeli banyak buah-buahan
1cabc8c4-8aec-4d56-bd50-42b01fe6c725,Buang,irmi,إِرْمِ,irmi,إِرْمِ,Ucapan umum,Irmi al-qimama hunaak. : Buang sampahnya di sana.
20192997-1ffb-487d-9850-0563c1dd776f,Buanglah,shubb,صُبّ,uskub,أُسْكُبْ,Ucapan umum,Shubb al-maa' fi al-kubbaya. : Tuangkan air ke dalam gelas.
416a2f8b-452c-46b0-9b1f-106238c2cdab,Buka,fukk,فُكّ,iftah,إِفْتَحْ,Ucapan umum,Fukk ash-shubbak min fadlak. : Buka jendelanya
d9f1bfa2-376b-4096-9f01-83ab1f0c69e8,bukakan,iftaḥ,اِفْتَح,iftah,اِفْتَح,Arah dan jalan,Iftaḥ an-naafidhah min fadlak : Bukakan jendela tolong
959fb7a4-17a5-4761-a366-f528bce507cb,Bukan pada saya,muu 'indii,مُو عِنْدِي,laysa 'indii,لَيْسَ عِنْدِي,Ucapan umum,Al-miftaaH muu 'indii al-aan. : Kuncinya bukan pada saya sekarang.
b751ecda-6833-4d3e-88b2-2b775d019ff4,Bulan depan,as syahrul aatii,الشَّهْرُ الْآتِي,ash-shahr al-ʾātī,الشَّهْرُ الْآتِي,Waktu,As syahrul aatii nsaafir li al umrah. : Bulan depan kita berangkat umrah.
dad76ec3-1797-45e3-9ad9-ef3c78e5ea7b,Bundaran,maydaan,مَيْدَان,maydaan,ميدان,Arah dan jalan,Al maydaan muzdahim daa'iman. : Bundaran selalu ramai.
b78d25a9-9e79-4e45-99ea-39711d5e61dd,Bungkus,luff,لُفّ,luffa,لُفَّ,Ucapan umum,Luff al-hadiyya bi warag jamiil. : Bungkus kadonya dengan kertas cantik.
010fbbc6-3e61-44bc-9422-b4f77628ae7e,Bus,utubiis,أُتُوبِيس,haafilah,حَافِلَة,Arah dan jalan,Ar-rakb fii utubiis arkhash. : Naik bus lebih murah.
14bc2eb8-2f83-42ed-b165-2f1894c15e47,butuh,nibtgaa,نريد,Nahtaaj,نحتاج,Ucapan umum,Nibtgaa shwayya raahah : Kami butuh sedikit istirahat
9ff32c70-91e4-4f39-8c22-fca4774e1344,cari,dawwir,دَوِّر,ibḥath,اِبْحَث,Arah dan jalan,Dawwir زين قبل ما تشتري : Cari baik-baik sebelum kamu membeli
f7f1a4b7-99b0-4df8-9068-914532295221,cari,abghoo,أَبْغَى,abḥathu,أبحث,Belanja dan harga,Abghoo adawwir 'an shughl. : Saya mau cari pekerjaan.
83cc946f-32bc-4419-a2ef-ab998fdeb53c,Cuci,ghassil,غَسِّلْ,ighsil,إِغْسِلْ,Ucapan umum,Ghassil yadak qabl al-akl. : Cuci tanganmu sebelum makan.
5f1f3364-0a9d-436e-9067-37ab3175add8,Cukup,kaafi,كَافِي,kaafin,كَافٍ,Ucapan umum,Al-akl kaafi lil-jami'. : Makanan cukup untuk semua.
fe4835e3-d9f8-4a53-870d-dc8e651ada26,Cukup,yikfii,يَكْفِي,yakfii,يَكْفِي,Ucapan umum,Al-فلوس yikfii lil-رحلة. : Uangnya cukup untuk perjalanan.
c5828368-34ca-4e16-94e5-e3899937cfd1,daging,lahm,لَحْم,laḥm,لَحْم,Belanja dan harga,Abghoo kiiluu lahm baqar. : Saya mau sekilo daging sapi.
8ff5290e-1387-4104-9fcd-cf030f6f0609,dalam,juwwa,جُوَّا,dākhil,دَاخِل,Ucapan umum,Eish fii juwwa as-sunduq? : Ada apa di dalam kotak itu?
d0e8eabb-2094-4094-9277-f6ea251b2739,dan,wa,وَ,wa,وَ,Ucapan umum,Ana wa anta akhwaan : Saya dan kamu adalah saudara
d1c3d672-c729-4aef-a96a-76f21667c9d7,dari,min,مِن,min,مِن,Ucapan umum,Khudh wahid min hadha : Ambil satu dari ini
973270bf-5f39-4bbc-bf75-112e4e5611a2,Dari mana,min fiin,مِنْ فِينْ,min ayna,مِنْ أَيْنَ,Ucapan umum,Min fiin inta jaay? : Dari mana kamu datang?
5635033d-b271-466b-9faf-5416c67c4b05,dari sebelah kiri,yasar,يَسَار,‘ala al-yasār,عَلَى اليَسَار,Ucapan umum,Khudh min yasar at-tariiq : Ambil dari sebelah kiri jalan
3240924a-76a1-49cc-b1f7-ea34928ea65e,datang,washolt,وَصَلْتْ,wasalta,وَصَلْتَ,Arah dan jalan,Hal washolt ilaa al funduq? : Apakah kamu sudah datang ke hotel?
6c0e1020-2c59-4af7-afb6-059d33d6ed15,datang,jiit,جِيتْ,ji'ta,جِئْتَ,Ucapan umum,Mata jiit min hunaak? : Kapan kamu datang dari sana?
19ea3ea3-dcc3-43e6-add1-ab23c8b23b6d,Dekade,aqd,عَقْد,ʿiqd,عِقْد,Waktu,Hādha 'aqd min at taghyiir. : Ini dekade perubahan.
c964693a-161a-4cf9-aaf7-a7cde9752c9f,dekat,qariib,قَرِيب,qarīb,قَرِيب,Arah dan jalan,Bayti qariib min al-masjid : Rumahku dekat dari masjid
b74f8dea-f448-4f65-836c-b4795ee9d899,delapan,thamanya,ثمانية,tsamaaniyah,ثَمَانِيَةً,Angka,Thamanya kutub mawjuda. : Delapan buku ada.
e7bc2176-b5d9-4e96-9468-3327f9edef16,Delman,hantuur,حَنْتُور,hantuur,حنطور,Arah dan jalan,Rكبنا (rakibnaa) hantuur fii al madiinah al qadiimah. : Kami naik delman di kota tua.
013f8dd0-a623-4264-a70c-d762b94e00c3,Demikian,kadhaalik,كَذَلِك,kadhaalika,كَذَلِكَ,Ucapan umum,Al-amr laisa kadhaalik أبدا. : Perkaranya tidak demikian sama sekali.
416961df-ad2c-4425-a619-1a7584b2f8ca,dengan,bi,بِ,bi,بِ,Ucapan umum,Ghurfah bi fithoor mumkin? : Kamar dengan sarapan mungkin?
77befa0b-184c-4ade-97ae-3d5a80a0b99f,Dengan,ma'a,مَعَ,ma'a,مَعَ,Ucapan umum,Ashrab shaay ma'a na'naa'. : Saya minum teh dengan mint.
c93bfe2f-4caa-4557-b02c-c7875fb65073,Depan,giddaam,قِدَّام,amaam,أَمَامَ,Ucapan umum,Waggif sayyaartak giddaam huna. : Parkir mobilmu di depan sini.
087b99ad-58cf-4542-9acd-04e0c879e50e,di,fii,فِي,fī,فِي,Ucapan umum,Al-qalam fii al-haqiibah : Pena itu di dalam tas
104cc926-8228-4170-93c8-f9e5d86cf729,di antara,wasath,وَسَط,bayna,بَيْنَ,Ucapan umum,Huwa jaalis wasath ash-shabaab : Dia duduk di antara para pemuda
cfc61e82-416c-4854-b4e8-2c96cf756e18,di belakang,wara',وَرَا,wara’a,وَرَاء,Arah dan jalan,Shuf wara' al-baab : Lihat di belakang pintu
9e49e26e-d982-4cd9-b1d0-42e63565bf57,di luar,barra,برا,Khaarij,خارج,Arah dan jalan,Al-walad barra al-bayt : Anak itu di luar rumah
d93b6a41-a5c0-4892-8e0d-22e8d8316e02,Di luar depan,quddam barra,قُدَّام بَرَّه,khārij amāma,خَارِج أَمَام,Belanja dan harga,Al sayyaarah quddam barra. : Mobilnya di luar depan.
d3f44e80-7386-40bb-830b-29cb372e22f6,Di mana,wiin,وِين,ayna,أَيْنَ,Ucapan umum,Wiin maktab al-bariid hina? : Di mana kantor pos di sini?
cf437b4e-bc09-43a2-83e2-44eee155da4d,di muka pada,qaddam,قُدَّام,amāma,أَمَام,Ucapan umum,Al-kursi qaddam al-maktab : Kursi itu di depan meja
d7c88f73-b92c-4d8b-bfce-ed360933bf25,di sana,hinaak,هِنَاك,hunāka,هُنَاكَ,Arah dan jalan,Shuf hinaak fi qitah : Lihat di sana ada kucing
a7d824a3-8b23-42da-91ac-1ce16e311999,Di sana,hunaak,هُنَاكْ,hunaak,هُنَاكَ,Arah dan jalan,Shuftuh hunaak qabl shwayyah. : Saya melihatnya di sana tadi.
879b8eb5-7e7b-4c40-8067-c0acd1b1cd68,di sini,huna,هنا,Huna,هنا,Ucapan umum,Ijlis huna min fadlak : Duduklah di sini tolong
dea09d1c-46eb-4535-824d-f215287317c5,Di sini,hinaa,هِنَا,huna,هُنَا,Arah dan jalan,Naltaqii hinaa ba'd saa'ah. : Kita bertemu di sini setelah satu jam.
661d6ead-e2ee-4480-8690-d4bf36b9db3d,dia,huwwa,هُوَّ,huwa,هُوَ,Ucapan umum,Huwwa rajul tayyib jiddan : Dia laki-laki yang sangat baik
c113566b-6ef6-40ef-b699-4d963d4732de,Dihitung,haasibuh,حَاسِبُهُ,haasibuh,حَاسِبُهُ,Arah dan jalan,Haasibuh al-aan : Hitung sekarang
20c76fb2-6b5a-4dfe-915a-e48bad2bd62d,dimana,wiin,وِين,ayna,أَيْنَ,Arah dan jalan,Wiin al-miftaah حق السيارة؟ : Di mana kunci mobil?
784f3e8b-c61f-4aa1-a4f7-cbdf0054df31,dimana,fiin,فِين,ayna,أَيْنَ,Ucapan umum,Fiin maktabak ya Ahmad? : Di mana mejamu wahai Ahmad?
b4b953db-4640-4ec1-aef5-87ab65a51b10,Dimana,fiin,فِين,ayna,أين,Ucapan umum,Fiin al hammam law samaht? : Di mana toilet jika berkenan?
73069c27-bcd7-4d29-bc20-70ce8d472612,dimulai,yibda',يِبْدَأ,yabda’u,يَبْدَأ,Arah dan jalan,Al-muhaadarah yibda' al-aan : Ceramahnya dimulai sekarang
55705124-58a3-41d6-b09f-489a37ea9b4a,dingin,bārid,بَارِد,bārid,بَارِد,Ucapan umum,Al-jaww bārid jiddan. : Cuacanya sangat dingin.
f8c9d165-fc41-4cf9-b9e6-adc494ba58d9,Diterima,maqbool,مَقْبُول,maqboolun,مَقْبُولٌ,Ucapan umum,Hadha al-'ardh maqbool. : Tawaran ini diterima.
2aebec23-233f-4854-9ba8-55a609e4cdfa,double,muzdawajah,مُزْدَوَجَةٌ,muzdawijah,مُزْدَوِجَة,Ucapan umum,Nihna hajzna ghurfah muzdawajah. : Kami memesan kamar double.
10ef20a5-c81c-4dab-8c60-658c7e1d114a,Double,dabool,دَبُول,muzdawij,مُزْدَوِج,Hotel dan rumah,Abgha sariir dabool. : Saya mau kasur double.
e53e8687-ceea-469c-ba46-cfcdbaa28159,Dua,itneen,اثنين,ithnaan,اِثْنَان,Angka,Abgha itneen qahwah. : Saya mau dua kopi.
50ed90bd-0206-4dbb-8dad-b304db5994ae,Dua bulan,syahrayn,شَهْرَيْنِ,shahrān,شَهْرَانِ,Waktu,Intazartuk muddat syahrayn hunaak. : Aku menunggumu dua bulan di sana.
6c9f1bfd-dfd5-49a9-ad7d-361d87c09db1,Dua detik,tsaaniyatayn,ثَانِيَتَيْنِ,thāniyatān,ثَانِيَتَانِ,Waktu,Khallis fi tsaaniyatayn bas. : Selesaikan dalam dua detik saja.
18bb797b-ecd8-4385-b672-ef5cd4a94f6c,Dua hari,yawmayn,يَوْمَيْنِ,yawmān,يَوْمَانِ,Waktu,Saafir ba'd yawmayn inshaAllah. : Bepergian setelah dua hari InsyaAllah.
32da6d2d-17ce-40b3-b19a-79ea2586f18d,Dua jam,saa'atayn,سَاعَتَيْنِ,sāʿatān,سَاعَتَانِ,Waktu,Adrus saa'atayn kulla yaum. : Saya belajar dua jam setiap hari.
094427fe-9cce-4ffb-b8ed-8fe6481bc9b4,Dua puluh,‘isyriin,عِشْرِين,‘ishriin,عشرين,Belanja dan harga,Haadza bi 'isyriin riyaal. : Ini seharga dua puluh riyal.
f9986c57-2b06-4db0-a7a9-fc6b3dbd5362,dua puluh delapan,thamānya u 'ishreen,ثمانية وعشرين,thamaaniyah wa 'isyruun,ثَمَانِيَةٌ وَعِشْرُوْنَ,Angka,Thamānya u 'ishreen shāri' ṭawīl. : Dua puluh delapan jalan panjang.
5724ecba-4406-4330-bd58-f51842910c4d,dua puluh dua,itneen u 'ishreen,اثنين وعشرين,itsnayn wa 'isyruun,اِثْنَيْنِ وَعِشْرُوْنَ,Angka,Itneen u 'ishreen kitāb 'indi. : Dua puluh dua buku saya punya.
1892b88e-08a6-4110-8a89-1a99ca061e79,dua puluh empat,arba'a u 'ishreen,أربعة وعشرين,arba'ah wa 'isyruun,أَرْبَعَةٌ وَعِشْرُوْنَ,Angka,Arba'a u 'ishreen funduq kabeer. : Dua puluh empat hotel besar.
fc907461-06c4-45e1-8697-6fcd5aa86c77,dua puluh enam,sitta u 'ishreen,ستة وعشرين,sittah wa 'isyruun,سِتَّةٌ وَعِشْرُوْنَ,Angka,Sitta u 'ishreen ṭālib nājiḥ. : Dua puluh enam siswa lulus.
68520e5f-8d31-4ee4-b749-3347ed29981e,Dua puluh lima,khomsah wa ‘isyriin,خَمْسَة وَعِشْرِينَ,khamsah wa ‘ishriin,خمسة وعشرين,Angka,Khomsah wa 'isyriin riyaal. : Dua puluh lima riyal.
c103f4b6-4341-4163-8e18-b91ec802f617,dua puluh lima,khamsa u 'ishreen,خمسة وعشرين,khomsah wa 'isyruun,خَمْسَةٌ وَعِشْرُوْنَ,Angka,Khamsa u 'ishreen dars ṣa'b. : Dua puluh lima pelajaran sulit.
8a62a729-c6f1-4388-bdea-3086681d6f7d,dua puluh satu,wāḥid u 'ishreen,واحد وعشرين,waahid wa 'isyruun,وَاحِدٌ وَعِشْرُوْنَ,Angka,Wāḥid u 'ishreen shakhṣ mawjūd. : Dua puluh satu orang ada.
3a3f1819-b56f-41df-877c-c54e491c08ef,dua puluh sembilan,tis'a u 'ishreen,تسعة وعشرين,tis'ah wa 'isyruun,تِسْعَةٌ وَعِشْرُوْنَ,Angka,Tis'a u 'ishreen bayt qadīm. : Dua puluh sembilan rumah tua.
0d7c9c85-305a-4e56-a27c-80d19b0e036b,dua puluh tiga,thalātha u 'ishreen,ثلاثة وعشرين,tsalaatsah wa 'isyruun,ثَلَاثَةٌ وَعِشْرُوْنَ,Angka,Thalātha u 'ishreen yawm safar. : Dua puluh tiga hari perjalanan.
6d60fa42-9fa5-4964-921c-451455e20fc3,dua puluh tujuh,sab'a u 'ishreen,سبعة وعشرين,sab'ah wa 'isyruun,سَبْعَةٌ وَعِشْرُوْنَ,Angka,Sab'a u 'ishreen su'āl muḥim. : Dua puluh tujuh pertanyaan penting.
dca98225-3d5c-4be5-9c80-56869206d5d0,dua ratus,meetayn,ميتين,mi'atayn,مِائَتَيْنِ,Angka,Indi meetayn dōlār. : Saya punya dua ratus dolar.
a281c187-e412-4436-b897-6a4d439edafe,dua ratus delapan,meetayn u thamānya,ميتين وثمانية,mi'atayn wa thamaaniyah,مِائَتَيْنِ وَثَمَانِيَةٌ,Angka,Meetayn u thamānya qalam azraq. : Dua ratus delapan pulpen biru.
0f7a0402-5141-4976-919c-acf5861c0c8a,dua ratus dua,meetayn u itneen,ميتين واتنين,mi'atayn wa itsnayn,مِائَتَيْنِ وَاثْنَيْنِ,Angka,Meetayn u itneen kitāb jadeed. : Dua ratus dua buku baru.
cda7cbe4-7787-46e0-9e08-40f43e824785,dua ratus empat,meetayn u arba'a,ميتين وأربعة,mi'atayn wa arba'ah,مِائَتَيْنِ وَأَرْبَعَةٌ,Angka,Meetayn u arba'a sayyāra sāqif. : Dua ratus empat mobil terparkir.
8ccde529-540e-40d2-a18e-90cb7153a7e8,dua ratus enam,meetayn u sitta,ميتين وستة,mi'atayn wa sittah,مِائَتَيْنِ وَسِتَّةٌ,Angka,Meetayn u sitta bāb maftūḥ. : Dua ratus enam pintu terbuka.
1bf9c034-6f61-45f0-acda-eb59f0107a06,dua ratus lima,meetayn u khamsa,ميتين وخمسة,mi'atayn wa khomsah,مِائَتَيْنِ وَخَمْسَةٌ,Angka,Meetayn u khamsa ṭāwila mawjūda. : Dua ratus lima meja tersedia.
e7fdcb09-9a97-4c88-8850-cd4c7a38348c,dua ratus satu,meetayn u wāḥid,ميتين وواحد,mi'atayn wa waahid,مِائَتَيْنِ وَوَاحِدٌ,Angka,Meetayn u wāḥid shakhṣ qādim. : Dua ratus satu orang datang.
a537c6c8-c765-43a2-be6d-263e46f23d35,dua ratus sembilan,meetayn u tis'a,ميتين وتسعة,mi'atayn wa tis'ah,مِائَتَيْنِ وَتِسْعَةٌ,Angka,Meetayn u tis'a waraga bayḍā'. : Dua ratus sembilan kertas putih.
168fb63f-08bc-4402-aee4-a48e7bd40c00,dua ratus sepuluh,meetayn u 'ashara,ميتين وعشرة,mi'atayn wa 'asyroh,مِائَتَيْنِ وَعَشَرَةٌ,Angka,Meetayn u 'ashara riyāl hādha. : Ini dua ratus sepuluh riyal.
44971925-3107-4ad1-a236-2e7b48fafc69,dua ratus tiga,meetayn u thalātha,ميتين وثلاثة,mi'atayn wa tsalaatsah,مِائَتَيْنِ وَثَلَاثَةٌ,Angka,Meetayn u thalātha funduq faakhir. : Dua ratus tiga hotel mewah.
20afb60a-4045-43bc-ae4b-4fd3240b176f,dua ratus tujuh,meetayn u sab'a,ميتين وسبعة,mi'atayn wa sab'ah,مِائَتَيْنِ وَسَبْعَةٌ,Angka,Meetayn u sab'a shubbāk kabeer. : Dua ratus tujuh jendela besar.
222cc876-679b-4812-a02e-18c86ecdc4dc,Duduk,ijlis,إِجْلِسْ,ijlis,إِجْلِسْ,Ucapan umum,Ijlis huna min fadlak. : Duduklah di sini
b368ad28-1a77-4530-aff8-1cf8d6369811,dulu,awwal,أَوَّل,awwal,أَوَّل,Ucapan umum,Khalas al shughl awwal. : Selesaikan pekerjaan dulu.
9f77a459-42c0-4eed-ab6e-1081f306af2d,Dulu,awwalan,أَوَّلاً,awwalan,أَوَّلاً,Ucapan umum,Khallas shughlak awwalan ba'deen itla'. : Selesaikan pekerjaanmu dulu baru keluar.
b3d89ef8-c0b9-4739-a95f-1618513a3c9a,empat,arba'a,أَرْبَعَة,arba'ah,أَرْبَعَة,Angka,Indī arba'a ikhwah. : Saya punya empat saudara.
4a686157-46d1-4f8e-947b-6667921be8b1,Empat puluh,arba’uun,أَرْبَعُون,arba‘ūn,أَرْبَعُون,Angka,Arba'uun riyaal yaa 'amii. : Empat puluh riyal pak.
e9ec132a-f8e3-4ada-beee-24395cafb6aa,Enak,lazeez,لَذِيذ,ladhiidh,لَذِيذ,Ucapan umum,Hadha al-kabsah lazeez marra. : Nasi kabsah ini enak sekali.
81357722-1426-4814-917c-cf9f37c916f5,engkau beri,tu‘thiini,تُعْطِينِي,tu‘ṭīnī,تُعْطِينِي,Belanja dan harga,Hal tu'thiini al fakkah? : Apakah engkau beri saya kembalian?
6e737327-c768-45b2-8c8f-d6f12b189433,Fasilitas,tashiilaat,تَسْهِيْلات,tashilaat,تَسْهِيلَات,Hotel dan rumah,Ash tashiilaat al-funduq? : Apa fasilitas hotelnya?
eaefc372-42e0-4c5f-8fa4-2916cba16dbf,gelas-gelas,akwaab,أَكْوَاب,akwāb,أَكْوَاب,Ucapan umum,Al-akwaab nadiifah wa jaahizah : Gelas-gelas itu bersih dan siap
f50dfa8d-ebec-4723-9aaa-ea5a570c4f3e,Habis,ghollaq,غَلَّق,intaha,إِنْتَهَى,Ucapan umum,Al-wagt ghallaq lil-imtihaan. : Waktu sudah habis untuk ujian.
de2f0058-8faf-444c-bcdd-f567fef7ddb6,Habiskan,ghalliq,غَلِّقْ,anhi,أَنْهِ,Ucapan umum,Ghalliq akalak ya waladi. : Habiskan makananmu
2141b47e-1dfa-4948-9221-b8a39d15e698,hadiah,hadaaya,الهَدَايَا,hadāyā,الهَدَايَا,Belanja dan harga,Isytareet hadaaya katsiirah. : Saya membeli banyak hadiah.
d89dd6d6-4abf-45df-a70b-d3e7aee209d4,hai,yaa,يَا,yaa,يَا,Ucapan umum,Yaa habibi : Hai sayang
166d7d9a-3d3a-40dc-8437-d51e37d4f1ad,Hai sopir,ya sawwaaq,يا سواق,Ya saa'iq,يا سائق,Arah dan jalan,Ya sawwaaq waddini al-funduq : Hai sopir antarkan saya ke hotel
9d14e62c-1e4b-42df-b8e5-15dc863a07bf,Halte,maḥatṭah,مَحَطَّة,maḥaṭṭah,محطة,Arah dan jalan,Intazirnii fii maḥaṭṭah al baas. : Tunggu saya di halte bus.
0503a769-9649-4375-b4df-f6d1f2cd7e6a,Hangat,daafi,دَافِئ,daafi',دَافِئ,Ucapan umum,Ahب shaay daafi fi ash-shitaa'. : Saya suka teh hangat di musim dingin.
e2cc8704-94bc-4024-a737-039cea1accfe,harga,tsaman,ثَمَن,thaman,ثَمَن,Belanja dan harga,Tsaman al kitaab ghoolii. : Harga buku itu mahal.
476a4b20-644c-4d7e-a17c-d2b42f10cc06,harga,si'r,سِعْر,si'r / thaman,سِعْر / ثَمَن,Belanja dan harga,Kam si'r al-laylah? : Berapa harga per malam?
6e859c34-b1a0-4461-aac0-5388de4dccd1,harganya,taman,تَمَن,thaman,ثَمَن,Belanja dan harga,Kam taman al tuffaah? : Berapa harga apel?
3511a29d-f48d-4a8f-b368-61842fd275a6,harganya,si’riin,سِعْرِين,sir’ih,سعره,Belanja dan harga,Kam si'riin haadza al qalam? : Berapa harganya pulpen ini?
fdbc576f-04f7-432a-89fc-b80a4644e37e,Hari ini,nahr dah,نَهْر دَه,al-yawm,الْيَوْم,Waktu,Nahr dah al jaww jamiil. : Hari ini cuacanya indah.
83fd6998-6c60-46a6-a5e0-a6fc4a05d005,haus,atsyaan,عطشان,Atshaanun,عطشان,Arah dan jalan,Ana marrah atsyaan abgha muuyah : Saya sangat haus ingin air
b305d8f2-9b1c-4c3f-be26-c49ab98aa1d8,Hebat,raw'a,رَوْعَة,raa'i',رَائِع,Ucapan umum,Hadha al-makaan raw'a بالفعل. : Tempat ini hebat sekali.
6fc9fc29-6630-4b95-87bd-88ca1810ed28,hendak,tabghaa,تَبْغَى,turiidu,تريد,Arah dan jalan,Tabghaa tsayyi? : Hendak apa?
79630efa-9245-4c99-8428-721e18469b5e,hiburan,malaahi,مَلَاهِي,malaahi,ملاهي,Belanja dan harga,Fiin aqrab malaahi hunaa? : Di mana hiburan terdekat di sini?
14a76b11-49ec-4e30-b101-f9717266c8f8,Hidupkan,shaghghil,شَغِّل,shaghghil,شَغِّل,Ucapan umum,Shaghghil an-nūr min faḍlak. : Hidupkan lampu tolong.
095c76db-2cc0-47e1-ad2f-53686d4327bd,Hilton,hiltuun,هِلْتُوْنْ,hiltun,هِلْتُون,Hotel dan rumah,Funduq hiltuun qareeb min huna. : Hotel Hilton dekat dari sini.
019fcbcd-6de6-4c20-a01a-668f94bc0664,hingga,li-ghāyah,لِغَايَة,ḥattā,حَتَّى,Arah dan jalan,Intadhir hina li-ghāyah ma arja' : Tunggu di sini hingga saya kembali
9cd25612-52d4-4aec-a189-c91741c4d346,Hotel,funduq,فُنْدُقْ,funduq,فُنْدُق,Hotel dan rumah,Hadha al-funduq kwayyis. : Hotel ini bagus.
c1737832-1ce2-4aeb-90f0-434035cfae37,ia,huwa,هُوَ,huwa,هُوَ,Ucapan umum,Huwa rajul tayyib jiddan. : Dia laki-laki yang sangat baik.
d90962a3-3b2a-410c-8b1d-75e2c425bb15,inginkan,tibgha,تِبْغَى,turīd,تُرِيدُ,Ucapan umum,Ēsh tibgha ta'kul? : Apa yang kamu inginkan untuk makan?
bb267ba3-2e4c-4c02-9e0f-75a0149a6d14,ini,min dah,مِنْ دَه,min hādha,من هذا,Ucapan umum,Abghoo waahid min dah. : Saya mau satu dari ini.
6ce25273-31c0-4728-8dcb-76141953de6f,ini,hādhā,هَذَا,hādhā,هَذَا,Ucapan umum,Hādhā kitābī al-jadīd. : Ini buku baru saya.
c08093a0-3600-42e5-98c6-85b3a8d9cede,Injak,id'as,إِدْعَسْ,id'as,إِدْعَسْ,Ucapan umum,La tid'as 'ala al-zuhuur. : Jangan injak bunga-bunga itu.
e6f5473c-7792-4fbe-b247-47b1fac84ae5,Istimewa,mumtaaz,مُمْتَاز,mumtaaz,مُمْتَاز,Ucapan umum,Hadha 'amal mumtaaz بالفعل. : Ini pekerjaan yang istimewa sungguh.
67de72dc-7247-4442-a860-e3c6f9f425ec,istirahat,nistariiḥ,نِسْتَرِيح,nastarīḥ,نَسْتَرِيحُ,Ucapan umum,Khallīnā nistariiḥ shwayya. : Mari kita istirahat sebentar.
3a7ed13f-4269-4f40-8a3c-6958193cebf4,itu,daaka,دَاكَ,dhālika,ذَلِكَ,Ucapan umum,Daaka al bayt kabiir. : Itu rumah besar.
436aaccf-96d9-4f7e-b589-0066ec790076,itu,dhālika,ذَلِكَ,dhālika,ذَلِكَ,Ucapan umum,Hādha afḍal min dhālika. : Ini lebih baik dari itu.
c57e1265-7776-4d89-a069-ca8f4ad414f5,Itu,da,دَه,dhaalika,ذَلِكَ,Ucapan umum,Da al-kitaab اللي ابغاه. : Itu buku yang saya mau.
6430b854-3935-42ce-adcb-e1d77d894217,jalan,ṭarīq,طَرِيق,ṭarīq,طَرِيق,Arah dan jalan,Hadha ṭarīq sahl li-l-madinah : Ini jalan mudah ke kota
c46160a3-a621-45b9-9cf4-52877d4866d3,Jalan terus,amsyi thowaalii,أَمْشِي طَوَالِي,imshi مباشرة,اِمْشِ مُبَاشَرَةً,Ucapan umum,Amsyi thowaalii laa tiliff. : Jalan terus jangan belok.
e15039df-3cd4-4087-9fad-5df2add634d7,jalanlah,imsyi,اِمْشِي,imshi,اِمْشِ,Arah dan jalan,Imsyi shwayya talqah qoddamak : Jalanlah sedikit kamu akan menemukannya di depanmu
3381722d-fbd2-4727-99ac-c8de5a1e69c6,Jam delapan,saa'ah tsaaminah,سَاعَةٌ ثَامِنَةٌ,as-sāʿah ath-thāminah,السَّاعَةُ الثَّامِنَةُ,Waktu,Al maktabah taftah saa'ah tsaaminah. : Perpustakaan buka jam delapan.
8067ffe6-92f5-4d45-915a-774f8a90e0ea,Jam dua,saa'ah tsaaniyah,سَاعَةً ثَانِيَةً,as-sāʿah ath-thāniyah,السَّاعَةُ الثَّانِيَةُ,Waktu,Nushufak saa'ah tsaaniyah. : Kita ketemu jam dua.
34ecd76c-c84f-493f-88a0-fa0e41783a97,Jam dua belas,saa'ah tsaaniyata 'asyar,سَاعَةُ ثَانِيَةَ عَشَرَ,as-sāʿah ath-thāniyah ʿashar,السَّاعَةُ الثَّانِيَةَ عَشَرَ,Waktu,Al ghada saa'ah tsaaniyata 'asyar. : Makan siang jam dua belas.
bf2dcb25-537d-49e1-8344-80f31d7decef,Jam empat,saa'ah roobi'ah,سَاعَةُ رَابِعَةٌ,as-sāʿah ar-rābiʿah,السَّاعَةُ الرَّابِعَةُ,Waktu,Al barnamaj yibda saa'ah roobi'ah. : Acaranya mulai jam empat.
878c645c-17d8-4d35-ad0b-de90905ab1c9,Jam enam,saa'ah saadisah,سَاعَةُ سَادِسَةٌ,as-sāʿah as-sādisah,السَّاعَةُ السَّادِسَةُ,Waktu,Al asha ba'd saa'ah saadisah. : Makan malam setelah jam enam.
ad78f1e4-81c8-441b-b752-199c812848da,Jam lima,saa'ah khoomisah,سَاعَةً خَامِسَةٌ,as-sāʿah al-khāmisah,السَّاعَةُ الْخَامِسَةُ,Waktu,Intazirni saa'ah khoomisah hina. : Tunggu saya jam lima di sini.
09f45c3e-fffe-44ef-b89e-0f74322dadca,Jam lima kurang seperempat,saa'ah khoomisah illar rubu',سَاعَةُ خَامِسَة إِلَّا الرُّبْعُ,as-sāʿah al-khāmisah illā ar-rubʿ,السَّاعَةُ الْخَامِسَةُ إِلَّا الرُّبْعَ,Waktu,Arjaw saa'ah khoomisah illar rubu'. : Saya pulang jam lima kurang seperempat.
a2d188d2-3a7a-4a5f-8d4c-0010d5e2e43b,Jam satu,saa'ah waahidah,سَاعَةً وَاحِدَةً,as-sāʿah al-wāḥidah,السَّاعَةُ الْوَاحِدَةُ,Waktu,Al mawid saa'ah waahidah. : Janjinya jam satu.
9b10e58e-1074-48fc-8d1c-51838ba23f24,Jam sebelas,saa'ah haadiyata 'asyar,سَاعَةُ حَادِيَةَ عَشَرَ,as-sāʿah al-ḥādiyah ʿashar,السَّاعَةُ الْحَادِيَةَ عَشَرَ,Waktu,Ijtimaa'unaa saa'ah haadiyata 'asyar. : Pertemuan kita jam sebelas.
7be163b8-c47e-4f58-a915-695639f3f653,Jam sembilan,saa'ah taasi'ah,سَاعَةُ تَاسِعَة,as-sāʿah at-tāsiʿah,السَّاعَةُ التَّاسِعَةُ,Waktu,Nadrus saa'ah taasi'ah kulla yaum. : Kita belajar jam sembilan setiap hari.
3802649f-2d99-4816-95c4-cd0d8b4e8030,Jam sepuluh,saa'ah 'aasyiroh,سَاعَةُ عَاشِرَة,as-sāʿah al-ʿāshirah,السَّاعَةُ الْعَاشِرَةُ,Waktu,Al filim yibda saa'ah 'aasyiroh. : Filmnya mulai jam sepuluh.
ebfbf528-2ed1-4bff-8d2e-f64714f13740,Jam tiga,saa'ah tsaalitsah,سَاعَةُ ثَالثة,as-sāʿah ath-thālithah,السَّاعَةُ الثَّالِثَةُ,Waktu,Huwa yiwsal saa'ah tsaalitsah. : Dia sampai jam tiga.
c25d4721-fe82-4b14-a6fe-9f313868fa94,Jam tujuh,saa'ah saabi'ah,سَاعَةٌ سَابِعَةُ,as-sāʿah as-sābiʿah,السَّاعَةُ السَّابِعَةُ,Waktu,At tayyarah tuqli saa'ah saabi'ah. : Pesawatnya berangkat jam tujuh.
50f73092-00a7-431c-a49f-bca674a03809,jaraknya,masaafah,مَسَافَة,al-masāfa,المَسَافَة,Arah dan jalan,Kam al-masaafah min hina? : Berapa jaraknya dari sini?
6ecdb13f-997d-4e0d-8608-c3f986dcdb6b,jauh,ba'iid,بَعِيد,ba'iid,بَعِيد,Ucapan umum,Al-madrasah ba'iid shwayyah. : Sekolah itu agak jauh.
9921d1d3-464c-4c3c-9bf1-bb6cd167e834,Juga,kamaan,كَمَان,aydan,أَيْضًا,Ucapan umum,Ana ابغى قهوة kamaan. : Saya mau kopi juga.
5dd08f58-4763-4291-8438-cd92594c597a,juta,milyoon,مليون,milyuun,مِلْيُوْنٌ,Angka,Dafa' milyoon naqdan. : Dia bayar satu juta tunai.
5f0d4ef4-e0a2-4afd-b3d2-4972a49fc843,Kagum,mu'jab,مُعْجَب,mu'jab,مُعْجَب,Ucapan umum,Huwa mu'jab bi-rasmik. : Dia kagum dengan lukisanmu.
96f479e5-a2f8-45ed-aea2-1d41f6213ec7,kain,qumaasy,قَمَاش,qumaash,قماش,Belanja dan harga,Haadza qumaasy mumtaaz lil fustaan. : Ini kain yang bagus untuk gaun.
269029d5-0998-4cc5-b3cb-ddb67dbeb9d5,Kalau,law,لَوْ,law,لو,Ucapan umum,Law kunt faadii kallimnii. : Kalau kamu senggang telepon saya.
9a6c414a-d113-4bba-b70e-49b2aab678ba,kali,marrot,مَرَّة,marrah,مَرَّة,Ucapan umum,Qultu laka kam marrot? : Sudah berapa kali kukatakan padamu?
4b1c5c2e-54a0-41ad-8b3d-604b5be03039,kamar,ghurfah,غُرْفَة,ghurfah,غُرْفَة,Hotel dan rumah,Abgha ghurfah mufradah. : Saya mau kamar single.
8670492c-20a9-459a-af58-1bb978a11ede,kami,nahnu,نحن,Nahnu,نحن,Ucapan umum,Nahnu jaayiin min Indonesia : Kami datang dari Indonesia
9fd5ecde-d116-4703-a347-b0b446168e87,kami,niḥna,نِحْنَا,naḥnu,نَحْنُ,Arah dan jalan,Niḥna nibgha nruuh al-Haram : Kami mau pergi ke Haram
8a76f00d-ca0e-469a-bee3-a310373d3094,Kamu pergi,taruuH,تَرُوح,anta tadhhabu,أَنْتَ تَذْهَبُ,Ucapan umum,Mata taruuH ila al-suuq? : Kapan kamu pergi ke pasar?
3d3ce046-1c8b-4e7b-ba2a-7e1b5fefbabd,Kapal,markab,مَرْكَب,markab,مركب,Arah dan jalan,Ruuḥnaa fii markab ilaa al jaziirah. : Kami pergi dengan kapal ke pulau.
920545d4-6432-414c-8e63-0f12d53c7ba0,Kapan,mataa,مَتَى,mataa,مَتَى,Arah dan jalan,Mataa ستصل (satasil) al طائرة (taa'irah)? : Kapan pesawat akan tiba?
b9b3c87c-37eb-498b-b2d8-b7f93a0b631f,Kapan,mita,مِتَى,mataa,مَتَى,Ucapan umum,Mita safaruk ila al-qarya? : Kapan perjalananmu ke desa?
29d70d3b-78a6-415f-a035-8a7a9168a453,Kasihan,miskiin,مِسْكِين,miskiin,مِسْكِين,Ucapan umum,Huwa miskiin
df10a89a-b764-4ae0-85de-0a8bc636e0fa,kasir,khoznah,الخَزْنَة,al-khazanah,الخزنة,Belanja dan harga,Idfa' fii al khoznah hunaak. : Bayar di kasir sana.
31030725-cb1d-4275-a579-e0e99b64d7da,katun,qutn,قُطْن,qutn,قطن,Belanja dan harga,Hal haadza al qamiis qutn? : Apakah kemeja ini katun?
afb9bf8a-7ae8-4ff5-94f9-a4bab2943649,Ke,ilaa,إِلَى,ilaa,إِلَى,Ucapan umum,Ilaa suuq : Ke pasar
e4be3c4d-4f7f-4d12-b365-f0812b92a4b9,Kecurian,insaraq,إنْسَرَق,suriqa,سُرِقَ,Ucapan umum,Jawwaali insaraq ams. : HP saya kecurian kemarin.
9a7339fe-f78c-4451-8af2-c5992244fa71,kedai,dukaan,دكان,Matjar,متجر,Arah dan jalan,Ruuh li hadhaak ad-dukaan : Pergilah ke kedai itu
f8211200-7519-4d3a-a9f1-a7cd98c8dc40,Kehilangan,dhaa',ضَاع,faqada,فَقَدَ,Ucapan umum,Huwa dhaa' kitaaboh al-muhimm. : Dia kehilangan bukunya yang penting.
94d1771a-72cb-40df-a0f9-3f45319320bc,Keinginanmu,illi tibgha,إللي تِبْغَى,maa tureed,مَا تُرِيد,Ucapan umum,Saawi illi tibgha
c4be4907-deb8-4465-84ec-95e4bcf3eb6a,Keluarkan,kharrij,خَرِّجْ,akhrij,أَخْرِجْ,Ucapan umum,Kharrij al-qash min al-bayt. : Keluarkan sampah dari rumah.
b66dc6c5-f876-45e4-baf0-105f989794dd,kemana,ilayn,إِلَيْنَ,ilaa ayna,إلى أين,Arah dan jalan,Ilayn rayihin? : Kemana kita pergi?
542967c9-5bed-4327-8ca3-9f9806689742,Kemana,aruuḥ,أرُوح,ilaa ayna,إلى أين,Arah dan jalan,Ilaa fiin aruuḥ ba'd kidaa? : Kemana saya pergi setelah ini?
06938704-6ae1-4ae8-bbdc-82e2eed1bfdc,Kemana,ilaa fiin,إلى فين,ilaa ayna,إِلَى أَيْنَ,Ucapan umum,Ilaa fiin raayiH al-aan? : Kemana kamu pergi sekarang?
ccba0fe4-0ece-4a4c-bf84-e399bb93ec2c,Kemarilah,ta'aal,تَعَالَ,ta'aal,تَعَالَ,Ucapan umum,Ta'aal hina : Kemarilah ke sini
3b4a2313-26a7-48f7-8dfd-300b9f90fac6,Kemarilah,ta'aal,تَعَال,ta'aala,تَعَالَ,Ucapan umum,Ta'aal hinaa yaa walad. : Kemarilah sini wahai anak laki-laki.
f2f632b2-ae71-497b-9260-aed4f0405d45,Kemarin,al baarih,الْبَارِح,al-bāriḥah,الْبَارِحَة,Waktu,Al baarih kunt mashghuul jiddan. : Kemarin saya sangat sibuk.
494d1f72-6a59-41e7-b733-4bc04b0442a2,kemarin,ams,أَمْس,amsi,أَمْسِ,Ucapan umum,Shuftuh ams fis-suuq. : Saya melihatnya kemarin di pasar.
78aabbd7-2552-471d-84e3-176cac617dd3,Kemarin dulu,awwal baarih,أَوَّل بَارِح,awwal al-bāriḥah,أَوَّل الْبَارِحَة,Waktu,Awwal baarih saafarna ila Makkah. : Kemarin dulu kami bepergian ke Mekkah.
69c12b17-39b0-4010-b024-9d8e78a9ad21,Kemarin malam,al baarih bil layl,الْبَارِح بِاللَّيْل,al-bāriḥah laylan,الْبَارِحَة لَيْلًا,Waktu,Al baarih bil layl naam بدري. : Kemarin malam tidur cepat. (Al baarih bil layl nimt badri.)
6e091e4e-3e32-4f65-80b5-a90be3e32c8d,Kembalian,fakkah,فَكَّة,al-baaqi,الْبَاقِي,Ucapan umum,Ma'i fakkah kathiir. : Saya punya banyak kembalian (uang kecil).
bafb1ee3-a1a0-4fdd-9ea9-e0c763e1a783,Kembaliannya,al-baaqii,البَاقِي,al-baaqi,الباقي,Belanja dan harga,Khudz al-baaqii min al fuluus. : Ambil kembaliannya dari uang itu.
5320b7ee-fca0-430a-afe9-348f4dced2ea,Kembalikan,rojji',رَجِّعْ,arji',أَرْجِعْ,Ucapan umum,Rojji' fuluusi alheen. : Kembalikan uangku sekarang.
82be89eb-dd8d-47e4-bc8f-9d5165f820a8,kemeja,syimiish,شِمِيص,qamiiṣ,قميص,Belanja dan harga,Abghoo syimiish abyad law samaht. : Saya mau kemeja putih jika berkenan.
b2a53d18-3a70-4722-bf50-047b857b7c13,kemeja,qomish,قَمِيص,qamīṣ,قميص,Belanja dan harga,Abghoo qomish azraq al lawn. : Saya mau kemeja warna biru.
d18aa71a-e974-4154-8c00-43c0dcffa690,kemudian,ba'd kida,بَعْد كِدَا,thumma,ثُمَّ,Arah dan jalan,Awwal shay kida ba'd kida nimshi : Pertama begini kemudian kita pergi
5ec0576c-f0d5-4d80-b070-55ba2251dfdc,kemudian,ba'diin,بَعْدِين,thumma,ثُمَّ,Ucapan umum,Nisalli ba'diin nakul : Kita shalat kemudian kita makan
4e933911-c66d-434e-b83f-c5fd00e5dc21,Kenapa,liisy,ليش,limaadhaa,لِمَاذَا,Ucapan umum,Liisy al-jaww haar kida? : Kenapa cuacanya panas begini?
21af0716-b984-4b89-b386-5d433401a01e,Kenapa,liih,لِيه,limaadhaa,لِمَاذَا,Ucapan umum,Liih anta hunaa وحيد؟ : Kenapa kamu di sini sendirian?
2dd282d4-b4e1-426c-9c23-1d4c29d0a1de,kepada,li-,لِـ,ilā,إِلَى,Arah dan jalan,Qul li-akhiik an ya'tii : Katakan kepada saudaramu untuk datang
3c05fd2e-9a3d-4986-a8fe-a7e62d835625,keperluan,haajah,حَاجَة,ḥājah,حَاجَة,Ucapan umum,Eish 'indak haajah minni? : Apa keperluanmu dariku?
509345bf-03ab-4ec3-8ddc-ee633d2bfba1,Kereta api,qithoor,قِطَار,qithaar,قِطَار,Arah dan jalan,Saafart bil qithoor امس (ams). : Saya bepergian dengan kereta api kemarin.
1f168ec9-eeef-4196-8fc4-82af49180aab,Kertas,qirtaas,قِرْطَاس,qirtaas,قِرْطَاس,Ucapan umum,A'tini qirtaas wa qalam. : Beri saya kertas dan pena.
7e250f0b-18eb-489f-b9b8-72f9ec48f115,kesembuhan,syifaa’an,شِفَاءً,shifā’an,شِفَاءً,Ucapan umum,Nad'uu laka syifaa’an 'aajilan : Kami mendoakanmu kesembuhan segera
8a986b5c-5f3c-4572-bb1a-073a4c245d91,Keterlambatan,ta'khiir,تَأْخِير,ta'kheer,تَأْخِير,Ucapan umum,Sabab at-ta'khiir kaan az-zahma. : Penyebab keterlambatan adalah macet.
896449f9-9e83-4ed8-a55a-6d99d89d7df8,kilo,kiiluu,كِيلُو,kīlu,كِيلُو,Belanja dan harga,Kam kiiluu tabghaa min dah? : Berapa kilo kamu mau dari ini?
67002eb0-d676-4d83-9ab2-2412873f5411,Kira,adhunn,أَظُنّ,adhunnu,أَظُنُّ,Ucapan umum,Adhunn an-naas مشغولين اليوم. : Saya kira orang-orang sibuk hari ini.
cbba05c2-68e4-4e36-9525-4e7565495d07,kiri,al-yasaar,اليسَارْ,yasaar,يَسَار,Arah dan jalan,Al dukkaan 'ala al-yasaar. : Tokonya di sebelah kiri.
b5a42d4f-be5f-44be-a637-95392040a6fa,kita istirahat,nirayyih,نريح,Nahnu nastariiH,نحن نستريح,Arah dan jalan,Khalina nirayyih shwayya hina : Mari kita istirahat sebentar di sini
90b991fb-04b5-49d6-a640-58ec60fff648,Kolam,masbaH,مَسْبَح,masbaH,مَسْبَح,Hotel dan rumah,Al-masbaH kabiir jiddan. : Kolamnya besar sekali.
cfca46b4-b5b7-4670-b545-47ef9b6e3441,Kompor,baabuur,بَابُور,waquud,مَوْقِد,Ucapan umum,Al-baabuur yحتاج ila ghaz. : Kompornya butuh gas.
64da7124-a78b-410e-828d-771ae86e7100,kopernya,al-shantah,الشنطة,Al-haqeebah,الحقيبة,Arah dan jalan,Wein al-shantah? : Di mana kopernya?
271c627d-3cd5-4c25-864e-948a6e980ea4,kota,balad,البَلَد,al-balad,البلد,Ucapan umum,Haadhihi balad jamiilah jiddan. : Ini kota yang sangat indah.
a32d136c-ceee-473e-9200-8ad3af2912ca,Kotor,wisikh,وِسِخْ,wasikh,وَسِخ,Ucapan umum,Malabisak wisikh
cd385699-bc44-4cdb-a8dd-0d1a5b3b704c,Krisis,azma,أَزْمَة,azma,أَزْمَة,Ucapan umum,An-naas yu'aanuun min azma iqtisadiyya. : Orang-orang menderita krisis ekonomi.
a4b8387b-3546-4e51-9114-550530a60313,Kualitas,naw‘,نَوْع,jawda,جودة,Belanja dan harga,Ayy naw' min al tuffaah? : Jenis apel yang mana?
796d8021-8363-4a8e-abfa-f620e6151d82,kuli,Hammaal,حَمَّال,ḥammaal,حَمَّال,Ucapan umum,Al-Hammaal qawiyy جداً جداً. : Kuli itu sangat kuat sekali.
5c9c53b7-0b1e-4e2d-b42f-ef812cec910e,Kumpulkan,lum,لُمْ,ijma',إِجْمَعْ,Ucapan umum,Lum kull al-awraaq min huna. : Kumpulkan semua kertas dari sini.
6e6e6b27-db4f-4d7b-9e27-7919b2b1ae80,kunci,miftāḥ,مِفْتَاح,miftāḥ,مِفْتَاح,Ucapan umum,Hādha miftāḥ al-bāb. : Ini kunci pintunya.
e24bc694-d902-4b14-86f5-7b1d0e295dbb,Kurang,naaqish,نَاقِص,naaqiṣ,نَاقِص,Ucapan umum,Hadha al-akl naaqish milH. : Makanan ini kurang garam.
625d0f33-f402-46ef-ba64-6abd7b1652b3,kursi,al-kursi,الكرسي,Al-kursi,الكرسي,Ucapan umum,Ijlis ala al-kursi : Duduk di kursi
3c183e57-323c-4807-9d8c-a6be0a2ec568,kuselesaikan,kholaShtu,خَلَّصْتُ,akmaltu,أَكْمَلْتُ,Ucapan umum,Ana kholaShtu waajibaati كلها. : Aku telah selesaikan semua tugasku.
ea0af0d6-8c9d-4337-93b2-bf82975441f0,lagi,kamaan,كمان,marrah ukhra,مرة أخرى,Ucapan umum,Jib li waahid kamaan : Bawakan saya satu lagi
e393fddf-305b-4b8f-acf2-5e577a08f620,lain,taanii,تَانِي,ākhar,آخر,Ucapan umum,Hal fii shay taanii abghaa? : Apakah ada hal lain yang saya mau?
d6617cb5-aa30-4841-bd1a-75ba574b5f97,laki-laki,rajul,رَجُل,rajul,رَجُل,Ucapan umum,Huwa rajul Tayyib القلب. : Dia laki-laki yang baik hati.
b5ec3351-b9cb-46fc-8470-21b00645dc12,lakukan,sawwi,سَوِّي,if‘al,اِفْعَل,Arah dan jalan,Sawwi al-matluub minnak bisur'ah : Lakukan yang diminta darimu dengan cepat
56e9a264-f670-4c1d-878f-4809f2f9971d,lalu,ba'diin,بَعْدِين,thumma,ثُمَّ,Ucapan umum,Nadhhab ila as-suuq ba'diin al-bayt : Kita pergi ke pasar lalu ke rumah.
492ecf17-233a-4e79-a3d6-9d1028b5ec86,Lalu,tsumma,ثُمَّ,thumma,ثُمَّ,Ucapan umum,Nadhif al-ghurfa tsumma ikhruj. : Bersihkan kamar lalu keluarlah.
e5277daf-ea3f-48c6-9d92-58cf352e0688,lama,zamaan,زَمَان,zaman,زَمَن,Ucapan umum,Maa shuftak min zamaan. : Lama tidak melihatmu.
ccfc821d-6a67-40d5-a4fc-b64f072270cd,Lapangan,mal'ab,مَلْعَب,mal'ab,مَلْعَب,Hotel dan rumah,Fiin mal'ab al-qadam? : Dimana lapangan bola?
9d7f5ea0-68f2-4628-b25c-6c18961e308b,lebih baik,ajyad,أَجْيَد,afḍal,أَفْضَل,Ucapan umum,Haadza ajyad min daak. : Ini lebih baik dari itu.
7e55029f-e8d9-483d-8a2a-81d7ca759259,lebih besar,akbar,أَكْبَر,akbar,أَكْبَر,Belanja dan harga,Abghoo al hujrah akbar. : Saya mau kamar lebih besar.
557c78d3-0c7c-4fcc-8adb-bef88b582a14,lebih enak,ahsan,أَحْسَنُ,ahsan,أَحْسَنُ,Ucapan umum,Hada ahsan : Ini lebih enak
ba555f85-8265-47b0-b51b-2e806ccb86f8,Lebih lima menit,wa khomsu daqoo'iq,وَخَمْسُ دَقَائِقَ,wa khamsu daqāʾiq,وَخَمْسُ دَقَائِقَ,Waktu,Saa'ah ithnaashar wa khomsu daqoo'iq. : Jam dua belas lebih lima menit.
f95d7f90-5965-4818-8f9d-1bf5ca352b24,Lebih seperempat jam,war rubu',وَالرُّبْعُ,wa ar-rubʿ,وَالرُّبْعُ,Ucapan umum,Saa'ah tis'ah war rubu'. : Jam sembilan lebih seperempat.
264a99d0-2fc8-49bd-8ba0-f6384c995b68,Lebih setengah jam,wan nishf,وَالنِّصْفُ,wa an-niṣf,وَالنِّصْفُ,Ucapan umum,Saa'ah 'asharah wan nishf. : Jam sepuluh lebih setengah.
c708398d-e228-4103-8693-4c1add206c18,Lebih-lebih lagi,la siyyama,لَا سِيَّمَا,la siyyama,لَا سِيَّمَا,Ucapan umum,Uhibbu al-fawaakih
78036772-e3ea-44f1-b1b1-7d859ae71f4e,lift,asansīr,أَسَانْسِير,miṣ'ad,مِصْعَد,Hotel dan rumah,Al-asansīr mu'aṭṭal al-yōm. : Liftnya rusak hari ini.
e23e93ee-dfd1-4fe1-ae66-27be7193a7f1,lihat,shūf,شُوفْ,unẓur,انْظُرْ,Ucapan umum,Shūf hādha al-manẓar. : Lihat pemandangan ini.
6fe05f63-7a7c-456e-8ea3-12bc30ba9fd3,Lima,khomsah,خَمْسَة,khamsah,خَمْسَة,Angka,Khomsah ayyaam faqat baaqii. : Lima hari saja tersisa.
80f5ba88-a054-491e-92a7-456bd0ebca59,lima puluh,khamsiin,خَمْسِيْنَ,khamsiin,خَمْسِيْنَ,Angka,Khamsiin riyaal : Lima puluh riyal
f9a223a8-fb8a-4d43-acbb-ffebd573fef9,lokasinya,makaan,مَكَان,al-makaan,المكان,Arah dan jalan,A'rif makaan jayyid lil 'ashaa. : Saya tahu lokasi bagus untuk makan malam.
eee9c0a8-d6f1-4fab-b151-429d4f40df7e,Luar,barra,بَرَّا,khaarij,خَارِج,Ucapan umum,Intadhirni barra shwayya. : Tunggu saya di luar sebentar.
ddb0ea7a-6f99-420d-acac-42ea9a3147af,Lumayan,musy,مُشْ,mumkin,ممكن,Ucapan umum,Al imtihaan kaan musy sahl. : Ujiannya lumayan (tidak mudah).
76d8de60-b4ca-4955-929b-3e7891decd35,lurus,saja,سَاجَا,mubāsharatan,مُبَاشَرَةً,Arah dan jalan,Imsyi saja la talfit : Jalan lurus saja jangan menoleh
621518fb-9b23-4e7a-a3f2-4b4e00533fe5,Maaf,aasif,آسِف,aasif,آسِف,Ucapan umum,Ana aasif 'ala at-ta'khiir. : Saya minta maaf atas keterlambatan.
357da1d3-0cee-46e9-b418-ef7adc3ce0fe,Mabuk,sakran,سَكْرَان,sakran,سَكْرَان,Ucapan umum,Huwa kaan sakran bil-ams. : Dia mabuk kemarin.
edc36bcc-3c65-4ccb-bf79-874dc5932bff,mahal,ghaali,غَالِي,ghaali,غَالِي,Belanja dan harga,Hada ghaali : Ini mahal
0ef189a7-c2c8-45da-ba0d-82fb2b06db12,Mahal,ghoolii,غَالِي,ghaalii,غالي,Belanja dan harga,Haadza ghoolii marrah yaa akhii. : Ini mahal sekali saudaraku.
6de3a597-887f-4453-aeb0-cb427795747f,mainan,la‘b,لَعِب,la‘b,لعب,Belanja dan harga,Isytareet la'b li waladii. : Saya membeli mainan untuk anakku.
b3ec0104-b827-43bd-b836-bb642071e9db,makan,akil,أَكِل,ṭa`ām,طَعَام,Ucapan umum,Al-akil hina ladhīdh jiddan. : Makanan di sini sangat enak.
2994c1cc-040a-4898-ae85-88d6e9b0d542,malam,al laylah,اللَّيْلَةُ,laylah,لَيْلَة,Hotel dan rumah,Al-jaw jamil al laylah. : Cuaca malam ini indah.
b3834690-b9bb-4c81-aff4-3ac3b6bd152b,malam,masā',مَسَاء,masā',مَسَاء,Ucapan umum,Al-jaww jamīl fil-masā'. : Cuacanya indah di malam hari.
c1766b5f-fd7e-4467-a0d2-b712b388cef3,mana,ayin,أَيْن,ayna,أَيْن,Ucapan umum,Ilaa ayin anta dhaahib? : Ke mana kamu pergi?
fb4aed4e-4093-4eb5-a97e-a69f4556e6b7,Mandi,taroowish,تَرَوَّش,istihmaam,اِسْتِحْمَام,Hotel dan rumah,Abgha ataroowish al-aan. : Saya mau mandi sekarang.
6a48a764-c55f-49e3-b48f-709258d8e6f8,Marah,ghadbaan,غَضْبَان,ghadbaan,غَضْبَان,Ucapan umum,La takun ghadbaan minni. : Jangan marah padaku.
ad556598-ce0c-40e4-9ef2-a5b6f3627511,Mari,yolloah,يالله,Hayya,هيّا,Ucapan umum,Yolloah nimshi qabl al-maghrib : Mari kita pergi sebelum maghrib
9dd01d0b-5887-4793-b920-dca546e80bbc,Mari,yaallaa,يَاللّا,hayyaa,هيا,Ucapan umum,Yaallaa nuروح al suuq. : Mari kita pergi ke pasar.
4703ba15-b98c-409d-b1ee-ae0cf8f37a01,mari berangkat,yallah ruuh,يالله روح,Hayya nanthaliq,هيا ننطلق,Arah dan jalan,Yallah ruuh al-suuq al-aan : Mari berangkat ke pasar sekarang
7c427688-447f-4efb-9b23-61f0237d9c74,Masih,lissah,لِسَّه,ma zala,مَا زَالَ,Arah dan jalan,Lissah badrii 'ala al نوم (nowm). : Masih terlalu pagi untuk tidur.
0c8b4d5a-5812-41da-b531-ca1c47bf19ae,Masih,baaqii,بَاقِي,maa zaala,مَا زَالَ,Ucapan umum,Baaqii shwayyat waqt معنا. : Masih ada sedikit waktu bersama kita.
71e805f8-eb56-4f95-9e3f-d718c2d883cc,Masjid,masjid,مَسْجِد,masjid,مَسْجِد,Hotel dan rumah,Nṣallī fil-masjid al-kabīr. : Kita sholat di masjid besar.
86fa1e07-4cb0-4b08-a1c8-30aac682c931,masuk,dukhuul,دُخُول,dukhūl,دُخُول,Ucapan umum,Mamnuu' ad-dukhuul biduun idzn : Dilarang masuk tanpa izin
8c06d481-e1c7-4ae1-a0eb-dd7baea7ee82,Matikan,itfi,إِطْفِ,itfi',أَطْفِئْ,Ucapan umum,Itfi al-lamba qabl an tukhruj. : Matikan lampu sebelum kamu keluar.
b537fd9a-e3b8-4718-b4ec-4f2a480068eb,mau,nibghoo,نِبْغُو,nurīdu,نُرِيدُ,Arah dan jalan,Nibghoo nisaafir bukra : Kami mau bepergian besok
35dd9309-0b5e-4106-86b9-13c470254fe0,Mau,tabghaa,تَبْغَى,turīd,تُرِيد,Ucapan umum,Eish tabghaa taakul al-yawm? : Apa yang mau kamu makan hari ini?
cd4efce1-946e-4903-9087-767908d4010b,mau,abghaa,أَبْغَى,urīdu,أُرِيد,Ucapan umum,Abghaa ashtari shay qaliil : Saya mau membeli sesuatu yang sedikit
6c389c98-07f3-4c4b-a0e5-cbf752adf6fe,mau,baddii,بِدِّي,uriidu,أريد,Ucapan umum,Baddii aruuḥ al bayt. : Saya mau pergi ke rumah.
d4b6c06f-b494-4e13-b0fb-bcf1fbd553e8,Mau,abghoo,أَبْغَى,uriidu,أريد,Ucapan umum,Abghoo ashrab shay ahmar. : Saya mau minum teh merah.
388eeabb-c5c5-4aca-a9b8-bfeba69de2ed,Mau,abgha,أَبْغَى,uriidu,أُرِيدُ,Hotel dan rumah,Abgha mooya min fadlak. : Saya mau air
7f6a8666-5876-46ab-ae62-d32a8dc4eb12,mau,biddī,بِدِّي,urīd,أُرِيدُ,Ucapan umum,Biddī asāfir bukrah. : Saya mau bepergian besok.
614723aa-f6c6-4b78-bbab-bef489c52fd7,melakukan,sawwi,سَوِّي,naf‘alu,نَفْعَلُ,Arah dan jalan,Sawwi shay mufeed : Lakukan sesuatu yang bermanfaat
cd7e73ca-58cc-4476-83ad-1b1f24357878,membawakannya,yiwaddīhā,يُوَدِّيهَا,yaḥmiluhā,يَحْمِلُهَا,Hotel dan rumah,Huwa yiwaddīhā ilal bayt. : Dia membawakannya ke rumah.
842a7d50-e851-4049-986f-9831662e88ed,membeli,nisytarii,نِشْتَرِي,nashtari,نَشْتَرِي,Belanja dan harga,Yalla nisytarii hadaayaa al aan. : Ayo kita membeli hadiah sekarang.
5d98c558-e950-474a-a3f1-565b6dc1191f,membeli,lisytiraa’,لِشِرَاء,li-shirā’,لِشِرَاءِ,Belanja dan harga,Ana raayiḥ lisytiraa' aghraad. : Saya pergi untuk membeli barang-barang.
093b5df9-c7a2-4f2d-9f77-558d67a03ab5,memilih,ikhtar,اِخْتَار,ikhtar,اِخْتَر,Ucapan umum,Ikhtar ayy waahid tabghaa. : Pilih mana saja yang kamu mau.
1542a82f-4455-41ca-bbb0-a2851fe7fd62,Mendidih,yighli,يِغْلِي,yaghli,يَغْلِي,Ucapan umum,Al-mooya yighli 'ala an-naar. : Air mendidih di atas api.
c598efe2-2e29-48d2-ab3e-dc2d8925a448,menemukan,talāqi,تِلَاقِي,tajid,تَجِد,Arah dan jalan,InshaAllah talāqi illi tabghah : InsyaAllah kamu menemukan yang kamu inginkan
0e88c825-5189-43b0-9df0-002775ba2eb0,Mengapa,leesh,لِيش,limaadhaa,لِمَاذَا,Ucapan umum,Leesh inta za'laan kida? : Mengapa kamu marah begitu?
9c2bbe30-425e-451f-8d74-ade43dd8a239,Mengganggu,iz'aaj,إِزْعَاج,iz'aaj,إِزْعَاج,Ucapan umum,Aasif 'ala al-iz'aaj marra okhra. : Maaf mengganggu sekali lagi.
9ed5900f-4a51-4484-a9b2-265d2c7cbfe8,Merepotkan,iz'aaj,إِزْعَاج,iz'aaj,إِزْعَاج,Ucapan umum,La tureed an takun iz'aaj. : Jangan mau jadi merepotkan.
cf191cf8-89c6-40b3-96db-74ebe56d3da5,Mikrobus,mikruu baas,مِيكْرُو بَاص,haafilah saghiirah,حَافِلَة صَغِيرَة,Arah dan jalan,Mikruu baas yuwassil ilaa al qaryah. : Mikrobus mengantar ke desa.
2a5571a8-2210-41ba-8a9a-ef38af028f84,Minggu lalu,usbuu'ul maadii,أُسْبُوْعُ الْمَاضِي,al-usbūʿ al-māḍī,الْأُسْبُوعُ الْمَاضِي,Waktu,Usbuu'ul maadii kunt mariidh shway. : Minggu lalu saya agak sakit.
433b7598-53e0-4347-b6f8-da0683e6c3d6,Minibus,miinii baash,مِينِي بَاص,haafilah saghiirah,حَافِلَة صَغِيرَة,Arah dan jalan,Narkab miinii baash جماعي (jamaa'i). : Kita naik minibus umum.
a9577fa3-c8d3-44aa-bba6-f5907d70806d,Minuman,mashruub,مَشْرُوب,mashruub,مَشْرُوب,Ucapan umum,Aysh al-mashruub al-mufaddal 'indak? : Apa minuman favoritmu?
b6d6360f-4d4b-4e2f-8fa7-4109c03b2503,mobil,arabiyyah,عربية,sayyarah,سيارة,Arah dan jalan,Arabiyyati waaqifah barra : Mobil saya parkir di luar
c5f5124a-b972-4daf-9351-20c329956f0b,Mobil,sayyaaroh,سَيَّارَة,sayyaarah,سَيَّارَة,Arah dan jalan,Indii sayyaaroh jadiidah alhamdullillah. : Saya punya mobil baru alhamdulillah.
e54290b4-50e8-467c-a7ee-4c6cab551ca7,model,model,مُودِل,namudhaj,نموذج,Belanja dan harga,Ayy model tabghaa min sayyaaraat? : Model mobil apa yang kamu mau?
2e5a38d6-8e62-412a-962f-48966dcf2927,Mohon,law samaht,لَوْ سَمَحْت,min fadlik,مِنْ فَضْلِك,Ucapan umum,Mohon laa tadkhun huna. : Mohon jangan merokok di sini.
0fcb91b1-b0d7-4952-94cc-fd261f27306b,Mungkin,mumkin,مُمْكِن,mumkin,ممكن,Ucapan umum,Mumkin naltaqii bukrah in shaa Allah. : Mungkin kita bertemu besok Insya Allah.
66453a46-7eb7-49ae-8ee5-bf74643821ab,murah,rokhiishoh,رَخِيصَة,rakhiisah,رخيصة,Belanja dan harga,Haadhihi as-sayyaarah rokhiishoh. : Mobil ini murah.
69d3fe97-1b73-47d9-8f61-43c698f1fba3,Mustahil,mustahiil,مُسْتَحِيل,mustaheel,مُسْتَحِيل,Ucapan umum,Mustahiil an yafعل ذلك. : Mustahil dia melakukan itu.
136b6ce0-18b2-411e-8492-c3efd92edd11,naik,ithla',اطلع,irkab,اركب,Ucapan umum,Ithla' foq al-jabal : Naik ke atas gunung
f338a274-1d12-43fc-a2b9-1331970ff5db,nama,ism,اِسْم,ism,اِسْم,Ucapan umum,Shu ismak? : Siapa namamu?
97134526-36e8-46e7-bb4c-5f279e13a903,nanti,ba'diin,بَعْدِين,ba‘da qalīl,بَعْدَ قَلِيل,Ucapan umum,Nishuuf ba'diin inshaAllah : Kita lihat nanti insyaAllah
fa1812ab-87ca-4625-b742-da0f0e913e1a,Ngawur,kharbaan,خَرْبَان,mukhtall,مُخْتَلّ,Ucapan umum,Kalaamak daa'iman kharbaan kida. : Ucapanmu selalu ngawur begitu.
2c18fc75-e57a-47dc-a09b-17816131b94c,Nyalakan,walli',وَلِّعْ,ash'il,أَشْعِلْ,Ucapan umum,Walli' an-nuur law samaht. : Nyalakan lampunya
00384c0f-e13d-48eb-929c-a52a67278343,Nyasar,taayih,تَايِهْ,daal,ضَالّ,Arah dan jalan,Ana aḥiss innii taayih. : Saya merasa saya nyasar.
bb10263d-a208-4c84-b521-e58a622aedaf,Oke,aywah,أَيُّوَه,ḥasanan,حسنًا,Ucapan umum,Aywah ana fahimt alaan. : Oke saya paham sekarang.
e2a9bf79-3ff7-4a07-aa39-7b31dd41a616,Okelah,la bas,لا بأس,Hasanan,حسناً,Ucapan umum,La ba's : Okelah
c9930140-4047-40a9-b3bd-96a6a1f83c7b,oleh-oleh,hadaayaa,الهَدَايَا,al-hadāyā,الهَدَايَا,Belanja dan harga,Laa tinsa tajiib hadaayaa : Jangan lupa membawa oleh-oleh
5742c2ff-856b-4f21-b6f1-6ecb5cc1df9b,oleh-oleh,hadaaya,الهَدَايَا,hadāyā,الهَدَايَا,Belanja dan harga,Laa tansaa hadaaya al ahl. : Jangan lupa oleh-oleh keluarga.
2be750fd-9b34-4c1a-91db-e52f698eeecb,ongkosnya,ujratuh,أُجْرَتُهُ,ujratuh,أُجْرَتُهُ,Arah dan jalan,Kam ujjratuh? : Berapa ongkosnya?
1bc79ee5-5374-40ba-81ed-dbb2fb4f294c,orang,nafar,نَفَر,shakhṣ,شَخْص,Ucapan umum,Fīh nafar wāḥid yantazirak. : Ada satu orang menunggumu.
e556b3fc-649e-4824-848d-74205e3acbc2,Oriental,syarqii,شَرْقِي,syarqiyy,شَرْقِيّ,Hotel dan rumah,Al-akl as-syarqii ladziidz. : Makanan oriental lezat.
624840ee-faf0-4f0c-b56a-48f54ddcad64,padaku,lii,لِي,lii,لِي,Ucapan umum,Qul lii al-Haqiiqah كلها. : Katakan padaku seluruh kebenaran.
3402565c-9602-423a-b997-ee4d2bc5995a,Padamu,indak,عِنْدَك,indaka,عِنْدَكَ,Ucapan umum,Indak shughl kathiir al-yawm? : Kamu punya banyak pekerjaan hari ini?
1ceddb49-22ad-42c3-b793-407e5cf1b203,padanya,luh,لُه,lahu,لَهُ,Ucapan umum,A'Ti haadha al-qalam luh. : Berikan pena ini padanya (lk).
bb109b57-1f7a-4c8f-9839-0873fc0c9146,pagi,ṣabāḥ,صَبَاح,ṣabāḥ,صَبَاح,Ucapan umum,Ashrab qahwah fiṣ-ṣabāḥ. : Saya minum kopi di pagi hari.
b4489593-7bec-48a7-9f8c-457f552fa3b0,pak,yaa syaykh,يَا شَيْخ,ya ustadz,يَا أُسْتَاذ,Ucapan umum,Yaa syaykh mumkin su'aal? : Pak boleh bertanya?
983d3fda-5942-4573-9fe4-81c7d6b9209d,pakaian,malaabis,مَلابِس,malaabis,ملابس,Belanja dan harga,Abghoo asytarii malaabis jadiidah. : Saya mau membeli pakaian baru.
149577c5-a478-4c38-af45-136801532c1d,Paling,aktar,أَكْثَر,al-akthar,الْأَكْثَر,Ucapan umum,Haadha aktar shay muhimm. : Ini hal yang paling penting.
c8b98154-f62e-4527-bfa0-ce212373d9d9,Panggilkan,i'zam,اِعْزَمْ,unzur,اُنْظُرْ,Ucapan umum,"I'zam al-mudir, fii shay muhimm. : Panggilkan manajernya, ada sesuatu yang penting."
ee1ecf2e-c8ea-4c05-bbb5-004cbbc877a5,pasar,suuq,سُوق,suuq,سُوق,Belanja dan harga,Az-zahmah fi-s-suuq دايمًا. : Ramai di pasar selalu.
8316a72a-2abb-4607-94fd-bc92a1cb8d08,pasport,jawāz safar,جَوَاز سَفَر,jawāz safar,جَوَاز سَفَر,Ucapan umum,Jawāz safarī jāhiz. : Paspor saya siap.
12333e95-b066-484b-98e4-eb7d9110a95e,pastikan,ta'kiid,تَأْكِيد,ta'kid,تَأْكِيد,Ucapan umum,Abgha ta'kiid al-maw'id. : Saya ingin konfirmasi janji temu.
3583ee7b-f591-4b90-92e0-67bd20489418,Pecah,inkasar,إِنْكَسَرْ,inkasara,إِنْكَسَرَ,Ucapan umum,Al-kaas inkasar فجأة. : Gelas itu pecah tiba-tiba.
256cc601-43e9-43c9-af26-0ddd4b2b2c81,Peganglah,imsik,إمْسِكْ,amsik,أَمْسِكْ,Ucapan umum,Imsik haadha shwayya
9f2ce12b-1719-4c97-92c2-e89738713700,Pelan-pelan,alaa mahlak,عَلَى مَهْلَكْ,alaa mahlik,عَلَى مَهْلِك,Arah dan jalan,Suuq 'alaa mahlak yaa waladii. : Nyetir pelan-pelan ya nak.
04af048a-f7b2-42b6-9234-dca54ae4ca94,pelayan,awādim,عَوَادِم,khādim,خَادِم,Hotel dan rumah,Al-'awādim yشتغلū fil-maṭ'am. : Pelayan itu bekerja di restoran.
eadf0299-2bb5-4f1d-ae1f-3dde346dde96,penyakit,daa’in,دَاءٍ,dā’in,دَاءٍ,Ucapan umum,Li kulli daa’in dawaa’un : Untuk setiap penyakit ada obatnya
c3d4eeb7-e3df-4b9f-a385-c73ca1b29a48,Perahu,fuluuka,فُلُوكَة,fulkah,فلوكة,Arah dan jalan,Istأjarna (ista'jarna) fuluuka li-l-nuzhah. : Kami menyewa perahu untuk piknik.
e50a5f84-2142-49f0-b2f7-0e051681a566,Percaya,usaddiq,أُصَدِّق,usaddiq,أُصَدِّق,Ucapan umum,Hal tusaddiq kull ma tasma'? : Apakah kamu percaya semua yang kamu dengar?
6e65a8f8-fa05-44b4-8cfa-65fd1ed00b4a,pergi,rūḥ,رُحْ,idhhab,اذْهَبْ,Ucapan umum,Rūḥ ilā as-sūq. : Pergi ke pasar.
e1ab05d9-daec-46e7-9d68-5424b6b2aa89,perlukan,taḥtāj,تَحْتَاج,taḥtāj,تَحْتَاجُ,Ucapan umum,Hal taḥtāj musā'adah? : Apakah kamu perlukan bantuan?
cd1b066e-9fb0-4371-bf91-6e928535007d,perorang,bin nafar,بِالنَّفَرِ,bil fard,بالفرد,Arah dan jalan,Bin nafar wala bil jamaa'ah? : Perorang atau rombongan?
6316b9e9-a6e1-42b5-9749-f76f48574ebc,perpanjang,amidd,أَمُدّ,umaddid,أُمَدِّدُ,Ucapan umum,Mumkin amidd al-ijāzah? : Mungkin perpanjang liburan?
6c8f80cd-3af0-486d-8a59-1852eda5c34a,Persenan,bakhshish,بَخْشِيش,baqshish,بَقْشِيش,Ucapan umum,La tinsa al-bakhshish. : Jangan lupa persenannya (tips).
00bc6e13-ec00-465e-b8fd-5357a751bdf0,Pesawat terbang,thoo’iroh,طَائِرَة,taairah,طَائِرَة,Arah dan jalan,Al thoo'iroh ستصل (satasil) قريبا (qariiban). : Pesawat terbang akan segera tiba.
c5d9440f-b5f8-4128-addf-5e06e081f7f7,Peta,khoriiṭhoh,خَرِيطَة,khariithah,خريطة,Arah dan jalan,Iftah al khoriiṭhoh fii jawwaalak. : Buka peta di ponselmu.
b0959e92-85eb-45de-a7d4-fedcad346667,peta,khoriiṭhoh,خَرِيطَة,khariithah,خريطة,Arah dan jalan,Hal ma'ak khoriiṭhoh lil madiinah? : Apakah kamu punya peta kota?
49dd125f-b64f-4da1-95ed-554749b61a52,petunjuk,isyaarah,إِشَارَة,dalīl,دَلِيل,Arah dan jalan,Hal fi isyaarah li-l-funduq? : Apakah ada petunjuk ke hotel?
0967accb-6c52-4917-a3bb-d07f1b73a98d,pintu,bāb,بَاب,bāb,بَاب,Arah dan jalan,Iftah al-bāb law samaht : Buka pintunya tolong
7f072a4e-f14a-48f2-8bb5-a2918515c989,pintu-pintu,abwaab,أَبْوَاب,abwāb,أَبْوَاب,Ucapan umum,Abwaab al-masjid kabiirah : Pintu-pintu masjid itu besar
ae248ebe-0ba6-4ba3-8b29-884c1e96272d,pisang,al mawz,المَوْز,al-mawz,المَوْز,Belanja dan harga,Al mawz haadza tayyib. : Pisang ini bagus.
d98ab74c-bb0c-40b8-bb48-3f16ac303070,puluh,ashara,عشرة,asyroh,عَشَرَةٌ,Angka,Thalāth 'asharāt thalāthīn. : Tiga puluhan (adalah) tiga puluh.
97ab1328-866f-4f19-8a52-390cfc6efc02,punya,ind,عِنْد,ladā,لَدَى,Ucapan umum,Indak sayyārah jadīdah? : Kamu punya mobil baru?
4dbdabc3-a511-4aed-8b15-07a34016bfa0,punya,ma'ak,مَعَك,ma'aka,مَعَكَ,Ucapan umum,Ma'ak qalam izāfi? : Kamu punya pulpen tambahan?
e4a8cfb0-3afb-4c99-bd1f-ffe07a6b4147,Pusat,wasṭh,وَسْط,wasaṭ,وسط,Ucapan umum,Wasṭh al madiinah muzdahim. : Pusat kota ramai.
c3d2c920-62a2-43af-a58c-86f36fb6b7f1,Rasakan,dzuq,ذُقْ,dhuq,ذُقْ,Ucapan umum,Dzuq hadha at-ta'aam al-ladhiidh. : Rasakan makanan lezat ini.
57482872-5afe-49ee-bd4c-d70a4398086f,Rasanya,ta'muh,طَعْمُه,ta'muhu,طَعْمُهُ,Ucapan umum,Keef ta'muh al-'asiir? : Bagaimana rasa jusnya?
de3c2af3-2b28-43fc-8f14-f49fb234e64f,ratus,miyya,مية,mi'ah,مِائَةٌ,Angka,Kam miyya tabgha? : Berapa ratus kamu mau?
525087f4-16b0-4849-b093-906ff1a93d35,Renang,sibaahah,سِبَاحَة,sibaahah,سِبَاحَة,Hotel dan rumah,Ana aHibb as-sibaahah. : Saya suka berenang.
78878053-df85-4367-ba98-73c874df60d3,Restoran,math'am,مَطْعَم,mat'am,مَطْعَم,Belanja dan harga,Haadza math'am jadiid. : Ini restoran baru.
e828d159-e11f-4a76-8cbf-1a2159b02472,ribu,alf,ألف,alf,أَلْفٌ,Angka,Indi khamsat ālāf. : Saya punya lima ribu.
2067aea6-651f-4047-aac1-83533f12c7ea,riyal,riyaal,رِيَالٍ,riyaal,رِيَالٍ,Ucapan umum,Kam riyaal? : Berapa riyal?
2d91d4b4-bcda-4405-905f-f829ef7b9184,rombongan,bil jamaa'ah,بِالْجَمَاعَةِ,bil jamaa'ah,بِالْجَمَاعَةِ,Arah dan jalan,Bil jamaa'ah : Dengan rombongan
9e0cbe82-ffec-48f4-8d40-e71d5de6b97d,Rusak,kharbaan,خَرْبَان,kharbaan,خَرْبَان,Ucapan umum,Al-mukayyif kharbaan min usbuu'. : ACnya rusak sejak seminggu.
dc283ae6-06d4-444c-a281-aafbf6ecb960,saja,bas,بَسْ,faqat,فقط,Ucapan umum,Bas haza : Hanya ini saja
e4a6da9e-541a-498e-b8cb-ec020433ed6b,Sampah,zibaala,زِبَالَة,zibaala,زِبَالَة,Ucapan umum,La tarmi az-zibaala fi ash-shaari'. : Jangan buang sampah di jalan.
b263bacd-fbf0-41b3-8f9a-5f87d18894bd,sampai,ilā,إِلَى,ḥattā,حَتَّى,Arah dan jalan,Imsyi thawali ilā al-ishaarah : Jalan terus sampai rambu lalu lintas
0560016c-3b2c-4d25-acc2-776e9b0e7600,sampai,waashil,وَاصِلْ,wasaltu al-aan,وَصَلْتُ الآن,Arah dan jalan,Ana waashil al bayt al aan. : Saya sampai di rumah sekarang.
c6e4a5dc-471a-48bf-b680-37a80425e3b2,Sampai,wisl,وِصْل,wasala,وَصَلَ,Ucapan umum,Huwa wisl al-mataar متاخر. : Dia sampai di bandara terlambat.
1fc32b8a-80fc-4c08-b06f-a8d40e80320d,Sarana transportasi,wasaa’ilul muwaasholaat,وَسَائِلُ المُوَاصَلَات,wasaa’ilul muwaashalaat,وَسَائِلُ المُوَاصَلَات,Arah dan jalan,Ayy wasaa'ilul muwaasholaat tufaddil? : Sarana transportasi apa yang kamu sukai?
befaa345-817a-4009-ae8d-43a4be5eb99e,satu,waahid,وَاحِد,wāḥid,واحد,Angka,Jib lii waahid qahwah. : Beri saya satu kopi.
e52eb557-1735-4ca8-b4c4-20de4c369853,Satu bulan,syahr,شَهْر,shahr,شَهْر,Waktu,Syahr kaamil min al 'amal. : Sebulan penuh kerja.
05e37750-9994-41b0-8db9-9fc2943e8ab0,Satu detik,tsaaniyah,ثَانِيَة,thāniyah,ثَانِيَة,Waktu,Intazirni tsaaniyah faqat. : Tunggu saya satu detik saja.
2cd2731b-8b9b-44a5-99b6-054b335f4227,satu harga,fi si’rin waahid,فِي سِعْرٍ وَاحِد,bi si‘rin wāḥid,بِسِعْرٍ وَاحِد,Belanja dan harga,Kulluhum fi si'rin waahid. : Semuanya satu harga.
50d35edf-fba3-4e28-8d2f-74314b93add4,Satu hari,yawm,يَوْم,yawm,يَوْم,Waktu,Kull yawm andars lughah. : Setiap hari kita belajar bahasa.
874fc1e4-4b1f-4061-9c8e-31e2d775f19b,Satu jam,saa'ah,سَاعَة,sāʿah,سَاعَة,Waktu,Ba'd saa'ah ana raayiH. : Setelah satu jam saya pergi.
9a3af215-07dc-4257-a09d-f116097966d3,satu kg anggur,‘inab waahid kiiluu,عِنَب وَاحِد كِيلُو,‘inab wāḥid kīlu,عِنَب وَاحِد كِيلُو,Belanja dan harga,Kam si'r 'inab waahid kiiluu? : Berapa harga 1 kg anggur?
9e70717f-d82a-4016-847c-92c6d69b3de0,satu kg apel,tuffaah waahid kiiluu,تُفَّاح وَاحِد كِيلُو,tuffāḥ wāḥid kīlu,تُفَّاح وَاحِد كِيلُو,Belanja dan harga,Abghoo tuffaah waahid kiiluu. : Saya mau 1 kg apel.
357a972a-7d7b-4096-b6e0-071448b5d35b,Satu menit,daqiiqoh,دَقِيْقَة,daqīqah,دَقِيْقَة,Waktu,Mumkin daqiiqoh law samaHt? : Boleh satu menit kalau berkenan?
4cff9bda-9af5-454f-82cc-66cc48d87b97,Satu minggu,usbuu',أُسْبُوْع,usbūʿ,أُسْبُوْع,Waktu,Usbuu' wāHid fii al qaryah. : Satu minggu di desa.
224b60d9-8c30-4f3b-98e3-af0a5fef9f60,Satu tahun,sanah,سَنَة,sanah,سَنَة,Waktu,Kull sanah nazur جدة. : Setiap tahun kami mengunjungi Jeddah. (Kull sanah nazūr Jiddah.)
0e8ceb55-de72-4787-a91e-33bc7ced1f5e,Sauna,sawnah,سَوْنَةٌ,sawna,سَوْنَا,Hotel dan rumah,Al-yawm baruuH as-sawnah. : Hari ini saya pergi ke sauna.
56fc0ebd-22fb-47d4-8674-2b78786c373d,saya,anaa,أَنَا,ana,أَنَا,Ucapan umum,Anaa thaalib fi al-jaami'ah : Saya seorang mahasiswa di universitas
460cebdf-f7f7-4bf0-b274-db461b5aab42,saya beli,asytarii,أَشْتَرِي,ashtarī,أَشْتَرِي,Belanja dan harga,Ana asytarii haadza al qamiis. : Saya beli kemeja ini.
85881c34-999b-474f-a92a-29c3e1b7446a,saya mau,abghool,أَبْغُول,urīdu,أُرِيدُ,Ucapan umum,Abghool asytarii haadza al kitaab. : Saya mau membeli buku ini.
a4944ab6-da00-4862-8324-8e4df0708d27,Saya pergi,aruuH,أَرُوح,ana adhhabu,أَنَا أَذْهَبُ,Ucapan umum,Ana aruuH lil-jaami'ah kull yawm. : Saya pergi ke kampus setiap hari.
e28a1a4b-e2ff-4320-9637-1fb35da77896,Saya punya,indii,عِنْدِي,indii,عِنْدِي,Ucapan umum,Indii fikrah kwayyisah مرّة. : Saya punya ide yang sangat bagus.
bc3fa2e4-727a-4933-b58b-54d3a5142034,Saya tahu,adrii,أَدْرِي,a'rifu,أَعْرِفُ,Ucapan umum,Adri kull shay' عن الموضوع. : Saya tahu segalanya tentang topik itu.
d582e2f3-0dc5-46fb-a986-91ade0588aae,Saya tidak tahu,maa adrii,مَا أَدْرِي,laa a'rifu,لَا أَعْرِفُ,Ucapan umum,Maa adrii wein huwwa. : Saya tidak tahu di mana dia.
900ddcb2-255c-46ea-9520-e63ee8b93ad6,Kasihan,khusaara,خَسَارَة,khusaara,خَسَارَة,Ucapan umum,Yaa khusaara
c489eb4f-a2cb-4197-abaa-872546775cce,sayur-sayuran,khodrowaat,الخَضْرَوَات,al-khaḍrawāt,الخَضْرَوَات,Belanja dan harga,Al-khodrowaat taazajah fii hadha addukaan : Sayur-sayuran segar di toko ini
0599c2e2-4108-4077-a999-eeaa253371d9,sebelah,‘ind,عِند,jānib,جَانِب,Arah dan jalan,Al-masjid ‘ind al-madrasah : Masjid itu di sebelah sekolah
6f0d3b37-00b4-4a9c-8d05-e06cd570fbc0,sebelah,janb,جَنْب,bijānib,بِجَانِب,Ucapan umum,Al-maktab janb al-bāb. : Meja itu sebelah pintu.
ea119575-c4fa-4b89-a71c-82ad517baaca,sebelas,ḥidā'shar,حداشر,ihdaa 'asyar,إِحْدَى عَشَرَ,Angka,Sā'a ḥidā'shar tamāman. : Jam sebelas tepat.
b1644c06-84af-4b96-a8ba-fe1763381e63,sebelum,qabl,قَبْل,qabla,قَبْلَ,Ucapan umum,Qabl al-akl ighsil yadayk : Sebelum makan cuci tanganmu
37c57741-61f1-4eb1-85b6-4c5dde2559b4,sebentar,shwayya,شُوَيَّا,qalīlan,قَلِيلاً,Ucapan umum,Intaẓirnī shwayya bas. : Tunggu saya sebentar saja.
d2c4a758-7577-460c-b63f-f885c3ca8142,secara,kullu,كُلُّ,kullu,كُلُّ,Ucapan umum,Kullu tamam : Semua baik
0b410bc2-efb7-412a-992c-f395cf60a387,sedikit,shwayya,شُوَيَّة,qalīlan,قَلِيلًا,Ucapan umum,Intadhir shwayya ana jaay : Tunggu sebentar saya datang
1d4d5fe3-8593-4ca6-a936-e919ddc8e7e0,sekali,jiddan,جِدًّا,jiddan,جداً,Ucapan umum,Ana masruur jiddan alyowm. : Saya senang sekali hari ini.
8ccd540f-38fc-48ce-b5c8-b16bb8584d26,sekali,marroh,مَرَّة,marrah,مَرَّة,Ucapan umum,Qul lii marroh thaaniyah. : Katakan padaku sekali lagi.
fd383df1-7fae-4858-b884-24bc0ba0761f,Sekali,marra,مَرَّة,jiddan,جِدًّا,Ucapan umum,Al-jaww haar marra al-yawm. : Cuacanya panas sekali hari ini.
894e5e6f-5a2e-4c19-91e2-577c35fba935,Sekarang,dzalhiin,ذَلْحِيْن,al-ān,الْآن,Waktu,Dzalhiin lazem nruuH al suuq. : Sekarang kita harus pergi ke pasar.
254dffbe-f041-4bc7-ae46-991b4e54d67f,Sekarang juga,haalan,حَالًا,ḥālan,حَالًا,Waktu,Jiib al qahwah haalan. : Bawa kopinya sekarang juga.
80a0d5dc-1178-4a35-a6c2-17086bf12549,sekilo,al kiilu,الكِيلُو,al-kīlu,الكِيلُو,Belanja dan harga,Abghoo al kiilu min dah. : Saya mau sekilo dari ini.
3136c844-9b4a-4103-b77c-2c4330bd9966,sembilan,tis'a,تسعة,tis'ah,تِسْعَةٌ,Angka,Tis'a daqāyiq wa nimshi. : Sembilan menit dan kita pergi.
666dbc02-b9de-4e46-94fb-c8d49d565cc5,semuanya,kullu,كُلُّهَا,kulluhā,كُلُّهَا,Belanja dan harga,Kam kullu al hisaab? : Berapa semuanya tagihannya?
9b7e3f75-70c0-4974-b26c-4cbba995c720,Senang,masruur,مَسْرُور,masroor,مَسْرُور,Ucapan umum,Ana masruur جدا لرؤيتك. : Saya senang sekali melihatmu.
8f245067-4ae6-4706-b6da-9654b3cc099a,sendiri,li wahdak,لِوَحْدَك,li nafsik,لِنَفْسِكَ,Ucapan umum,Sawwii haadza li wahdak. : Kerjakan ini sendiri.
02f61727-bac2-4588-82df-e1c23d0007e2,sendirian,waHduh,وَحْدُه,waHdahu,وَحْدَهُ,Ucapan umum,Yحب yimshi waHduh دايمًا. : Dia suka jalan sendirian selalu.
6122c8b8-71ef-4f10-a8f2-d69d0d634378,sepatu,ahdziyya,أَحْذِيَة,ahdhiyah,أحذية,Belanja dan harga,Abghoo asytarii ahdziyya riyaadiyyah. : Saya mau membeli sepatu olahraga.
83413597-6dd3-4e0f-96e1-215461d7bda0,Sepeda,‘ajalah,عَجَلَة,dirraajah,دراجة,Arah dan jalan,Atfali yuhibbuun rukub al 'ajalah. : Anak-anakku suka naik sepeda.
a49a41cc-67c5-4770-b8ef-3b0c9cb7f060,Sepeda motor,siikil naar,سِيكِلْ نَار,dirraajah naariyyah,دراجة نارية,Arah dan jalan,Siikil naar sari' jiddan. : Sepeda motor sangat cepat.
329bae86-12ec-41c5-837e-e47d5080bd06,Sepeda motor,dabbaab,دَبَّاب,darraaja naariyya,دَرَّاجَة نَارِيَّة,Ucapan umum,Indi dabbaab jadiid aswad. : Saya punya sepeda motor baru berwarna hitam.
48e1e46f-d678-4889-a1a6-5b49078b6f86,seperempat,rubu‘,رُبُع,rub‘,رُبُع,Belanja dan harga,Jib lii rubu' kiiluu lahm. : Beri saya seperempat kilo daging.
295d3a08-0472-407a-8350-80a15dfd6b09,Seperti dia,zayyuh,زَيُّه,mithluhu,مِثْلُهُ,Ucapan umum,Huwa labis zayyuh أمس. : Dia memakai seperti dia kemarin.
6fd3bec4-3d10-43b7-80fb-34182c1fe3f2,seperti ini,kamaah,كَمَا,mithla,مثل,Ucapan umum,Abghoo waahid kamaah בדיוק (bidiyyuq). : Saya mau satu persis seperti ini.
8d27ac97-f669-46e1-9687-c0696b9eeebc,sepuluh,‘asyroh,عَشْرَة,‘asharah,عَشْرَة,Angka,‘Asyroh riyaal faqat. : Sepuluh riyal saja.
3f188565-56af-49b7-a74a-83b3383fd8d4,sepuluh,ashara,عشرة,asyroh,عَشَرَةٌ,Angka,Al yawm 'ashara Abril. : Hari ini sepuluh April.
46382d22-54e7-43b4-9577-2839d58774e8,Serahkan,sallim,سَلِّمْ,sallim,سَلِّمْ,Ucapan umum,Sallim al-jawaaz alheen. : Serahkan paspornya sekarang.
a099c39f-b2d9-476e-8c20-eb8a98eedec9,Seratus,miyah,مِائَة,mi'ah,مِائَة,Angka,Dafa'tu miyah riyāl. : Saya bayar seratus riyal.
029ab9aa-8230-4346-8a3b-7dfc036893e5,seratus delapan,miyya u thamānya,مية وثمانية,mi'ah wa thamaaniyah,مِائَةٌ وَثَمَانِيَةٌ,Angka,Miyya u thamānya sayyāra jadeeda. : Seratus delapan mobil baru.
3201c4b1-7c1c-4586-b9af-ea31a39e4784,seratus delapan belas,miyya u thamānṭā'shar,مية وثمانطعشر,mi'ah wa thamaaniyata 'asyar,مِائَةٌ وَثَمَانِيَةَ عَشَرَ,Angka,Miyya u thamānṭā'shar bint tadhak. : Seratus delapan belas gadis tertawa.
3b81d185-0b43-4c02-8f3d-4054976290f0,seratus dua,miyya u itneen,مية واتنين,mi'ah wa itsnayn,مِائَةٌ وَاثْنَيْنِ,Angka,Indi miyya u itneen kitāb. : Saya punya seratus dua buku.
f3a26c27-6149-4d0a-9e2d-6800e659e721,seratus dua belas,miyya u itnā'shar,مية واثنعشر,mi'ah wa itsnaa 'asyar,مِائَةٌ وَاثْنَا عَشَرَ,Angka,Miyya u itnā'shar kursī fāḍi. : Seratus dua belas kursi kosong.
e13067d9-2f7b-48be-a0e9-f23750a5a086,seratus dua puluh,miyya u 'ishreen,مية وعشرين,mi'ah wa 'isyruun,مِائَةٌ وَعِشْرُوْنَ,Angka,Miyya u 'ishreen nafar hinaak. : Seratus dua puluh orang di sana.
afaec050-7b4b-4b40-986d-2baa351d2f2f,seratus empat,miyya u arba'a,مية وأربعة,mi'ah wa arba'ah,مِائَةٌ وَأَرْبَعَةٌ,Angka,Miyya u arba'a daftar mawjūd. : Seratus empat buku catatan ada.
100ed6b3-9af4-4165-8e9d-c44492fd6856,seratus empat belas,miyya u arba'ṭā'shar,مية وأربعطعشر,mi'ah wa arba'ata 'asyar,مِائَةٌ وَأَرْبَعَةَ عَشَرَ,Angka,Miyya u arba'ṭā'shar maktab qadeem. : Seratus empat belas meja lama.
17018c22-0291-49ec-90fc-7c9c4525e231,seratus enam,miyya u sitta,مية وستة,mi'ah wa sittah,مِائَةٌ وَسِتَّةٌ,Angka,Miyya u sitta funduq qareeb. : Seratus enam hotel dekat.
59b5658e-e350-4b05-b687-450b81b62c2c,seratus enam belas,miyya u sittā'shar,مية وستطعشر,mi'ah wa sittata 'asyar,مِائَةٌ وَسِتَّةَ عَشَرَ,Angka,Miyya u sittā'shar lawhah jameelah. : Seratus enam belas lukisan indah.
e0efa31d-9cf9-4bb4-aaff-e4d9223aa4f6,seratus lima,miyya u khamsa,مية وخمسة,mi'ah wa khomsah,مِائَةٌ وَخَمْسَةٌ,Angka,Miyya u khamsa marra shuftuh. : Seratus lima kali saya lihat dia.
d8b44ec7-50ca-4f93-bddc-652d46135819,seratus lima belas,miyya u khamsṭā'shar,مية وخمسطعشر,mi'ah wa khomsata 'asyar,مِائَةٌ وَخَمْسَةَ عَشَرَ,Angka,Miyya u khamsṭā'shar dukkaan sagheer. : Seratus lima belas toko kecil.
8c42efe1-4633-4ec4-b597-526c0dcf58ce,seratus satu,miyya u wāḥid,مية وواحد,mi'ah wa waahid,مِائَةٌ وَوَاحِدٌ,Angka,Miyya u wāḥid riyāl bas. : Seratus satu riyal saja.
72856ca6-dfda-4045-9575-4846dbfcf18f,seratus sebelas,miyya u ḥidā'shar,مية وحداشر,mi'ah wa ihda 'asyar,مِائَةٌ وَإِحْدَى عَشَرَ,Angka,Miyya u ḥidā'shar ṭālib hāḍir. : Seratus sebelas siswa hadir.
00208c4e-1c28-41fc-a217-872d76d96832,seratus sembilan,miyya u tis'a,مية وتسعة,mi'ah wa tis'ah,مِائَةٌ وَتِسْعَةٌ,Angka,Miyya u tis'a bayt kabeer. : Seratus sembilan rumah besar.
2b853df1-f784-445b-b782-5c882e552c6c,seratus sembilan belas,miyya u tis'aṭā'shar,مية وتسعطعشر,mi'ah wa tis'ata 'asyar,مِائَةٌ وَتِسْعَةَ عَشَرَ,Angka,Miyya u tis'aṭā'shar su'āl sahl. : Seratus sembilan belas pertanyaan mudah.
05e7f263-a297-4560-bf8e-15a8b9cdcc7f,seratus sepuluh,miyya u 'ashara,مية وعشرة,mi'ah wa 'asyroh,مِائَةٌ وَعَشَرَةٌ,Angka,Miyya u 'ashara riyāl kaafi. : Seratus sepuluh riyal cukup.
ad2f9881-ed77-4a37-94f2-5fb27c9d3ae3,seratus tiga,miyya u thalātha,مية وثلاثة,mi'ah wa tsalaatsah,مِائَةٌ وَثَلَاثَةٌ,Angka,Miyya u thalātha shakhṣ jā. : Seratus tiga orang datang.
2118eb2d-1610-4ff3-9765-5c39eba8d6eb,seratus tiga belas,miyya u thalāthṭā'shar,مية وثلاثطعشر,mi'ah wa tsalaatsata 'asyar,مِائَةٌ وَثَلَاثَةَ عَشَرَ,Angka,Miyya u thalāthṭā'shar shajarah tawīlah. : Seratus tiga belas pohon tinggi.
9889438e-8e09-4f05-96bd-c86845412d0f,seratus tujuh,miyya u sab'a,مية وسبعة,mi'ah wa sab'ah,مِائَةٌ وَسَبْعَةٌ,Angka,Miyya u sab'a masjid hēna. : Seratus tujuh masjid di sini.
33bf909d-c188-4f43-853e-23a541dce2e0,seratus tujuh belas,miyya u saba'ṭā'shar,مية وسبعطعشر,mi'ah wa sab'ata 'asyar,مِائَةٌ وَسَبْعَةَ عَشَرَ,Angka,Miyya u saba'ṭā'shar walad yal'ab. : Seratus tujuh belas anak bermain.
df77629c-5439-4da9-ac9a-09d4c27bc1c2,seribu,alf,ألف,alf,أَلْفٌ,Angka,Hādha bi alf riyāl. : Ini seharga seribu riyal.
cd4da3ca-1a80-4e1e-b69b-9224cb258246,Sesuai,kama,كَمَا,kamaa,كَمَا,Ucapan umum,Imshi kama huwa maktub. : Jalanlah sesuai yang tertulis.
25614587-ce67-4119-bc9d-3ee4020e4c41,sesungguhnya,innaa,إِنَّا,innā,إِنَّا,Ucapan umum,Innaa sami'na qur'aanan 'ajaba : Sesungguhnya kami mendengar Al-Quran yang menakjubkan
a5cbf942-4ab4-4fff-81c3-134e998578eb,Setelah,ba'das,بَعْدَس,ba'da,بَعْدَ,Ucapan umum,Ba'das ad-dars nakhruj : Setelah pelajaran kita keluar
c86da7f1-5e59-4596-b3c0-556d35332aae,setelah,ba'da,بَعْدَ,ba'da,بَعْدَ,Ucapan umum,Ba'da ṣalāt al-'aṣr. : Setelah sholat Ashar.
3012fa7c-f276-4df8-abb0-7efbe64e0d90,setelah itu,ba'd kadha,بعد كذا,Ba'd dhaalik,بعد ذلك,Ucapan umum,"Ba'd kadha, naruuH naakul. : Setelah itu, kita pergi makan."
0a374765-982d-4d9e-ae50-082e944eb598,setengah,nuṣf,نُصْف,nuṣf,نُصْف,Belanja dan harga,Abghoo nuṣf kiiluu sukkar. : Saya mau setengah kilo gula.
50582554-ae1d-413d-b42e-a760ea2370f3,setengah-setengah,nush nush,نُص نُص,nisf nisf,نصف نصف,Ucapan umum,Kayf al shughl? Nush nush. : Bagaimana pekerjaannya? Setengah-setengah (lumayan).
7ad6bdd6-ad8d-4044-8dff-16342f4e9a36,Setuju,muwaafiq,مُوَافِق,muwaafiq,مُوَافِق,Ucapan umum,Ana muwaafiq 'ala iqtiraahak. : Saya setuju dengan usulanmu.
92cbc9ac-b5f8-4f98-a734-68799055ea61,siapa,man,مَنْ,man,مَنْ,Ucapan umum,Man al-mas'uul hnaa الان? : Siapa yang bertanggung jawab di sini sekarang?
4fd7a921-f956-4f0f-ba75-61bcbe46d44d,silahkan,tafaḍḍal,تَفَضَّل,tafaḍḍal,تَفَضَّل,Ucapan umum,Tafaḍḍal ijlis hinaa yaa akhii. : Silahkan duduk di sini saudaraku.
a0f57408-488c-4fa5-82b2-263c8b723a97,single,waahid,وَاحِد,wahid / mufrad,وَاحِد / مُفْرَد,Hotel dan rumah,Abgha ghurfah li fard waahid. : Saya mau kamar untuk satu orang.
60af0055-787f-4c4a-b3c2-bbcd3feee51c,sini,hinaa,هُنَا,haahuna,هُنَا,Arah dan jalan,Ijlis hinaa بجانبي (bijaanibii). : Duduk sini di sampingku.
c95013fa-1475-44ab-ab3d-4c777e9b8b22,sisa,baaqii,بَاقِي,baqiyyah,بَقِيَّة,Ucapan umum,Hal fii baaqii min al-kعك? : Apakah ada sisa dari kue?
c08b64c5-9063-4b37-b0bd-8cfb1a8f5cd8,sisanya,al-baaqii,البَاقِي,al-baaqi,الباقي,Belanja dan harga,Ayn al-baaqii min al akl? : Mana sisa makanannya?
d3bd500b-7654-4f66-8ef3-656415852bae,sopir,sawwaaq,سَوَّاق,sawwaaq,سَوَّاق,Arah dan jalan,Ya sawwaaq : Wahai sopir
4945d172-c9ea-460e-bbda-f7cc87fe5327,sovenir,hadaayaa,هَدَايَا,hadaayaa,هدايا,Belanja dan harga,Laa tansaa hadaayaa تذكارية (tazkaariyyah). : Jangan lupa sovenir kenang-kenangan.
78588781-89f4-4d82-b69f-911be1f3d106,sudah,yikfi,يِكْفِي,yakfī,يَكْفِي,Ucapan umum,Khalas yikfi kidaa. : Sudah cukup begini.
3b503b00-3a3d-4f07-b4d6-caf144dd2e47,Sudah,kholaash,خَلَاص,khalaṣ,خَلَصَ,Waktu,Kholaash fahimt al mawduu'. : Sudah paham topiknya.
8145c9bc-b984-41c3-831c-6106e932e5f6,Sungguh,wallaahi,وَاللهِ,wallaahi,وَاللهِ,Ucapan umum,Wallaahi ma adri : Sungguh saya tidak tahu
235a1a73-dfb2-4a5a-a343-b1ba9b2a49ca,Tadi,qubayl,قُبَيْل,qabla qalīl,قَبْلَ قَلِيل,Waktu,Shuftuh qubayl fii as soug. : Aku melihatnya tadi di pasar.
266aa8cb-fa6c-4cb8-abc7-3643ff04f98f,tahu,adrii,أَدْرِي,a'lamu,أَعْلَمُ,Ucapan umum,Ana laa adrii al-jawab. : Saya tidak tahu jawabannya.
aa12c3d7-a90e-4909-9a73-df866ba63f3a,Taksi,taksii,تاكْسِي,taaksi,تاكْسِي,Arah dan jalan,Akhadzt taksii ilaa al mataar. : Saya naik taksi ke bandara.
7fb0a2a9-0697-40a8-bbf2-e7e6a7b75e00,Tambah,zid,زِدْ,zid,زِدْ,Ucapan umum,Zid shwayyat ملح لو تكرمت. : Tambah sedikit garam
049b6ffe-04ad-449f-a1f4-9afa1c624cea,tanda,isyaarah,إِشَارَة,ishārah,إِشَارَة,Arah dan jalan,Tabi' al-isyaarah al-khadra : Ikuti tanda hijau
0df55900-3c48-4f1a-83a2-ea4ce693e693,tanyakan,as'al,اسْأَل,as'al,اِسْأَل,Ucapan umum,As'al huwwa ايش يبغى : Tanyakan dia apa maunya
37584b5d-e834-477e-b242-7988e87b733f,tapi,lakin,لَكِنْ,lakin,لكن,Ucapan umum,Huwa ghaniyy lakin bakhiil. : Dia kaya tapi pelit.
97d03bb8-a29e-46e3-979c-e268998126ad,taripnya,ujrah,أُجْرَة,ujrah,أُجْرَة,Hotel dan rumah,Al-ujrah ghāliyah shway. : Tarifnya agak mahal.
af442de0-22f7-4c3d-8427-20a4487f1b02,taruh,da'ha,ضعها,Da',ضع,Ucapan umum,Da'ha hina : Taruh di sini
bfc01e2e-654d-4da8-b118-4bbec52b38f8,tas plastik,kiis,كِيس,kīs,كِيس,Belanja dan harga,A'thini kiis kabiir law samaht. : Beri saya tas plastik besar jika berkenan.
ccac4598-78dd-4c18-b053-1c288a0c71f0,Telah,qad,قَدْ,qad,قَدْ,Ucapan umum,Qad fahimtu al-dars جيّدًا. : Telah kupahami pelajaran dengan baik.
319760df-325f-4d71-9fb1-05cf61a8886d,telah menemukannya,wajadtu,وَجَدْتُهُ,wajadtu,وَجَدْتُ,Arah dan jalan,Al-miftaah? Aywa wajadtu : Kuncinya? Ya saya telah menemukannya
50c8eaa2-7a35-4495-a95d-8a5ae85ab06c,tempat,makan,مَكَان,makan,مَكَان,Ucapan umum,Hadha makaan jamiil liljuluus : Ini tempat yang indah untuk duduk
e789aab3-0124-4a34-b308-c42d4ed88849,Tempat,maḥal,مَحَل,maḥal,محل,Ucapan umum,Fiin maḥal al jawwaalaat? : Di mana tempat (toko) ponsel?
2d20568d-9db9-4100-a74a-c0e9fa7334df,Tempat,amaakin,أَمَاكِن,amaakin,أماكن,Ucapan umum,Fii amaakin katsiirah nazuuruhaa. : Ada banyak tempat yang kita kunjungi.
7e327daa-1f2e-411d-b44f-6fc266acc639,Tenanglah,haddi nafsak,هَدِّي نَفْسَك,ihda',إِهْدَأْ,Ucapan umum,Haddi nafsak
f1e4e679-9158-4a78-bd3a-5dad59337423,Tenis,tanis,تَنِس,tanis,تَنِس,Hotel dan rumah,Huwa laa'ib tanis mumtaaz. : Dia pemain tenis hebat.
7e63d36a-de66-42e8-8c26-076daf5dda90,Tepat,tamaaman,تَمَامًا,tamāman,تَمَامًا,Ucapan umum,Al waqt al aan tamaaman. : Waktunya sekarang tepat.
d1fc70ab-e987-4322-b39d-1ba0d261efce,Tepat,bidhabth,بِالضَّبْط,bidhdhabt,بِالضَّبْط,Ucapan umum,Wasalt fi al-waqt bidhabth. : Saya sampai tepat waktu.
9e26e881-d00b-4fc4-876b-1ce91c662cf0,Terbuka,mafkuuk,مَفْكُوك,maftooh,مَفْتُوح,Ucapan umum,At-taariq mafkuuk al-yawm. : Jalanan terbuka hari ini.
80be275e-1864-44d8-80ec-48c25e1e567a,Terima kasih,syukron,شُكْرًا,shukran,شُكْرًا,Ucapan umum,Syukron katsiir yaa habiibii. : Terima kasih banyak sayangku.
e4467e42-1443-47f1-bea2-d5281d569a85,Terima kasih,mutasyakkir,مُتَشَكِّر,mutasyakkir,مُتَشَكِّر,Ucapan umum,Ana mutasyakkir jiddan lak. : Saya sangat berterima kasih padamu.
845b84dd-6634-421a-8bbd-211852cef29c,terlalu,marrah,مَرَّة,jiddan,جدًا,Ucapan umum,Marrah kathiir : Terlalu banyak
65b2917d-86b9-4719-9bb4-c4bda87f8aa6,tersedia,jaahizah,جَاهِزَة,jaahizah,جَاهِزَة,Ucapan umum,Al-ghurfah jaahizah li-sakan : Kamar itu tersedia untuk ditinggali
309c59cf-6cc1-41d8-979c-bccf8fd206cd,tertentu,mu‘ayyan,مُعَيَّن,mu‘ayyan,معين,Ucapan umum,Indii su'aal mu'ayyan lak. : Saya punya pertanyaan tertentu untukmu.
8d453e64-c392-4801-bc3b-f8338fa0c247,Tertutup,maskuuk,مَسْكُوك,mughlaq,مُغْلَق,Ucapan umum,Ash-shubbak maskuuk bi-sabab al-bard. : Jendela tertutup karena dingin.
0f5a619e-a077-432b-9547-f3ee1d30dcea,terus,thawali,طَوَالِي,istamirr,اِسْتَمِرّ,Arah dan jalan,Ruuh thawali la tiliff : Pergi terus jangan belok
b9b9ba06-022f-45ed-be17-bcb2b008d89d,Tidak,Haraam,حرام,Laa,لا,Ucapan umum,Haraam tsawwi kida : Tidak boleh lakukan itu
f629d0d4-2076-489d-a972-7e6cc4623486,tidak,musy,مُشْ,laysa,ليس,Ucapan umum,Ana musy jaa'i' al aan. : Saya tidak lapar sekarang.
55b6f087-47d9-4cf4-b85f-ead33aae87d9,Tidak,maa,مَا,laa,لَا,Ucapan umum,Maa fii mushkilah ابدًا. : Tidak ada masalah sama sekali.
bda58e9a-a963-498a-a3d4-fa736a888398,Tidak ada apa-apa,maa fii shay',مَا فِي شَيْء,laa shay'a,لَا شَيْءَ,Ucapan umum,Maa fii shay' fil thallaajah. : Tidak ada apa-apa di kulkas.
c4c82a13-03c5-4bc1-8b28-4f721183851b,Tidak apa,maa ‘alish,مَا عَلِيشْ,lā ba’s,لَا بَأْس,Ucapan umum,"Maa ‘alish, laa tahtam. : Tidak apa, jangan khawatir."
785cedb1-202c-49f3-8138-2abdcea8ea07,Tidak apa-apa,ma'aliisy,مَعَلِيشُ,laa ba'sa,لَا بَأْسَ,Ucapan umum,Ma'aliisy
9a9b3504-b77c-492c-994e-941022bbba9f,Tidak cukup,ma yakfi,ما يكفي,Laa yakfi,لا يكفي,Ucapan umum,Ma yakfi al-flus : Tidak cukup uang
3d088f15-17df-40d2-bd52-9afa5dface70,Tiga,tsalaatsah,ثَلَاثَة,thalaathah,ثَلَاثَة,Angka,Ba'd tsalaatsah ayyaam. : Setelah tiga hari.
3e88bb94-9634-4c2f-8924-fefc4eac2138,Tiga bulan,syuhuur,شُهُور,thalāthatu shuhūr,ثَلَاثَةُ شُهُورٍ,Waktu,Syuhuur kathiirah lam araka. : Berbulan-bulan aku tidak melihatmu.
3a34302c-2643-4f68-976d-24fd1151f830,Tiga hari,tsatats ayyaam,ثَلَاثُ أَيَّامٍ,thalāthatu ayyām,ثَلَاثَةُ أَيَّامٍ,Waktu,Akhadht ijāzah tsalats ayyaam. : Saya ambil cuti tiga hari.
6b418c67-88a5-4cf9-9a36-afb5181f5b5d,tiga puluh,thalātheen,ثلاثين,tsalaatsuun,ثَلَاثُوْنَ,Angka,Indi thalātheen riyāl faqaṭ. : Saya punya tiga puluh riyal saja.
c4731339-afa7-414c-ac66-a85267606165,tiga ratus,tultumiyya,تلتمية,tsalaatsu mi'ah,ثَلَاثُ مِائَةٍ,Angka,Tultumiyya nās fil qā'a. : Tiga ratus orang di aula.
991405a7-bf07-479b-abff-221f408eddef,tiga ratus delapan,tultumiyya u thamānya,تلتمية وثمانية,tsalaatsu mi'ah wa thamaaniyah,ثَلَاثُ مِائَةٍ وَثَمَانِيَةٌ,Angka,Tultumiyya u thamānya bint hādiah. : Tiga ratus delapan gadis pendiam.
45a74094-0c65-4c55-b527-649f1746f9ca,tiga ratus dua,tultumiyya u itneen,تلتمية واتنين,tsalaatsu mi'ah wa itsnayn,ثَلَاثُ مِائَةٍ وَاثْنَيْنِ,Angka,Tultumiyya u itneen ṭālib jāw. : Tiga ratus dua siswa datang.
c66475ab-2beb-411b-a404-16abd82dcaa5,tiga ratus empat,tultumiyya u arba'a,تلتمية وأربعة,tsalaatsu mi'ah wa arba'ah,ثَلَاثُ مِائَةٍ وَأَرْبَعَةٌ,Angka,Tultumiyya u arba'a maktab jadeed. : Tiga ratus empat meja baru.
1b5cbbaa-a9c6-4d49-a3bf-20bf32740346,tiga ratus enam,tultumiyya u sitta,تلتمية وستة,tsalaatsu mi'ah wa sittah,ثَلَاثُ مِائَةٍ وَسِتَّةٌ,Angka,Tultumiyya u sitta dukkaan qareeb. : Tiga ratus enam toko dekat.
f7383165-c38c-4049-bf3a-d06074f186b2,tiga ratus lima,tultumiyya u khamsa,تلتمية وخمسة,tsalaatsu mi'ah wa khomsah,ثَلَاثُ مِائَةٍ وَخَمْسَةٌ,Angka,Tultumiyya u khamsa kursi fāḍi. : Tiga ratus lima kursi kosong.
6c760f17-62b7-4c6e-bbaf-d80d929e7c4b,tiga ratus satu,tultumiyya u wāḥid,تلتمية وواحد,tsalaatsu mi'ah wa waahid,ثَلَاثُ مِائَةٍ وَوَاحِدٌ,Angka,Tultumiyya u wāḥid kitāb hēna. : Tiga ratus satu buku di sini.
10724158-ef47-4462-9f87-4f0d4222245c,tiga ratus sembilan,tultumiyya u tis'a,تلتمية وتسعة,tsalaatsu mi'ah wa tis'ah,ثَلَاثُ مِائَةٍ وَتِسْعَةٌ,Angka,Tultumiyya u tis'a su'āl ṣa'b. : Tiga ratus sembilan pertanyaan sulit.
ec87815e-996a-451a-9a9c-1673baf30fc0,tiga ratus sepuluh,tultumiyya u 'ashara,تلتمية وعشرة,tsalaatsu mi'ah wa 'asyroh,ثَلَاثُ مِائَةٍ وَعَشَرَةٌ,Angka,Tultumiyya u 'ashara musāfir wasal. : Tiga ratus sepuluh musafir tiba.
6bccf72d-4148-49d4-ba78-983a7ea24aef,tiga ratus tiga,tultumiyya u thalātha,تلتمية وثلاثة,tsalaatsu mi'ah wa tsalaatsah,ثَلَاثُ مِائَةٍ وَثَلَاثَةٌ,Angka,Tultumiyya u thalātha shajarah khadra. : Tiga ratus tiga pohon hijau.
003bf031-6362-48b2-8b9e-174c34390caa,tiga ratus tujuh,tultumiyya u sab'a,تلتمية وسبعة,tsalaatsu mi'ah wa sab'ah,ثَلَاثُ مِائَةٍ وَسَبْعَةٌ,Angka,Tultumiyya u sab'a walad ṣaghir. : Tiga ratus tujuh anak kecil.
c7cff6a7-c597-4a42-8839-800a98d96c23,tinggal,iqāmah,إِقَامَة,iqāmah,إِقَامَة,Ucapan umum,Iqāmah ṭayyibah lakum. : Semoga masa tinggal kalian menyenangkan.
c9544e01-f98e-4001-a00e-6dd3089503af,tinggalkan,siibuh,سِيبُه,utrukhu,اُتْرُكْهُ,Ucapan umum,Siibuh hnaa wa ruuH. : Tinggalkan dia di sini dan pergi.
aeadd82b-f57b-4ee6-83f6-22d5d3a52c8c,Tinggalkan,utruk,اتْرُكْ,utruk,اتْرُكْ,Ucapan umum,Utruk al-baab maftooh. : Tinggalkan pintunya terbuka.
aeb02240-79ac-4c5a-ba0f-a7eb7e645109,tingkat,dawr,دَوْر,dawr,دَوْر,Hotel dan rumah,Ascun fid-dawr al-khāmis. : Saya tinggal di tingkat lima.
c930d823-8c65-4b96-a778-25064fce484a,toko,dukkaan,دُكَّان,dukkān,دُكَّان,Belanja dan harga,Fiin dukkaan al malaabis? : Di mana toko pakaian?
65e43d19-42a6-482b-9744-f62242dee541,tolong,min fadlak,من فضلك,Min fadlik,من فضلك,Ucapan umum,Min fadlak sawwi kida : Tolong lakukan ini
25f4791e-bfea-4022-ad58-49ae64ec4940,Tolong,mumkin,مُمْكِن,hal mumkin,هل ممكن,Ucapan umum,Mumkin tisaa'idnii min fadlak? : Tolong bisakah kamu membantuku?
a7d7559e-a05d-4d87-8de0-2d47a788c71b,tuan,yaa ‘amii,يَا عَمِّي,yā ‘ammi,يَا عَمِّي,Ucapan umum,Ahlan yaa 'amii kayf haalak? : Halo tuan bagaimana kabarmu?
531b0d71-d51c-4d64-8336-2ac77d383455,Tuangkan,shubb,صُبّ,uskub,أُسْكُبْ,Ucapan umum,Shubb ash-shaay lil-duyuuf. : Tuangkan teh untuk para tamu.
42a813a8-b53b-4379-95f2-f86a97a7462f,tujuh,sab'a,سَبْع,sab‘a,سَبْع,Angka,Indi sab'a kutub jadiidah : Saya punya tujuh buku baru
0047d74e-3204-449c-8e38-fc4797799715,Tujuh puluh lima,khamsah wa sab'iin,خمسة وسبعين,Khamsah wa sab'uun,خمسة وسبعون,Angka,Khamsah wa sab'iin riyaal : Tujuh puluh lima riyal
ad53e7eb-f2eb-4869-8693-c576949bfc81,tulis,taktub,تَكْتُب,taktub,تكتب,Ucapan umum,Mumkin taktub ismak hinaa. : Bisakah kamu tulis namamu di sini.
08eac279-b221-404e-bb4a-adacb542ae86,Tunggu,istannii,إِسْتَنِّي,intazir,اِنْتَظِرْ,Arah dan jalan,Istannii daqiiqah waaHidah. : Tunggu satu menit.
65cc3591-e1ea-4c9f-a131-5acb699eceb0,Turunlah,inzil,إِنْزِلْ,inzil,إِنْزِلْ,Ucapan umum,Inzil min الدرج بشويش. : Turunlah dari tangga pelan-pelan.
9109ac53-278f-414b-8864-c10b931850bd,Tutup,ghatti,غَطِّ,ghatti,غَطِّ,Ucapan umum,Ghatti at-ta'aam min adh-dhubaab. : Tutup (cover) makanannya dari lalat.
313856f7-2ec3-4fa3-8d64-d6b7ef149d8f,Tutuplah,suk,سُكّ,aghliq,أَغْلِقْ,Ucapan umum,Suk al-baab qabl an tanaam. : Tutuplah pintu sebelum kamu tidur.
71d65c01-3021-4a39-935a-65e12536f0c1,Uang,fuluus,فُلُوس,nuquud,نُقُود,Ucapan umum,Kam ma'ak fuluus? : Berapa uang yang kamu punya?
4e3663e0-90d9-44bb-ab11-526f1ff00851,Uap,bukhaar,بُخَار,bukhaar,بُخَار,Hotel dan rumah,Al-bukhaar min al-qidr. : Uap dari panci.
e3573630-520f-4590-b83e-15e7d2a9cb6f,ukuran,maqoos,مَقَاس,maqās,مقاس,Belanja dan harga,Kam maqoos haadza al hِذاء? : Berapa ukuran sepatu ini?
bb98199f-cd5a-482e-baff-4ade44cf20ac,Ungkapan,ibaara,عِبَارَة,ibaara,عِبَارَة,Ucapan umum,Istakhdim ibaara sahiiha. : Gunakan ungkapan yang benar.
85db75c0-68c7-4e65-8139-384bbd242371,untuk,mud,لِـ,li,لِ,Ucapan umum,Haadza al kitaab mud lak. : Buku ini untuk kamu.
372dcde1-5545-415f-afbf-88ff4a20f9a5,Untuk,ḥaqq,حَقّ,li,لِ,Ucapan umum,Hādha al-kitāb ḥaqq lī. : Buku ini untuk saya.
5d96fea8-1594-4cee-baef-0131bba1f756,untuk,alasyaan,عَلَشَان,li-ajli,لِأَجْلِ,Ucapan umum,Alasyaan ṣiḥḥatak lā tudakhkhin. : Untuk kesehatanmu jangan merokok.
940516b2-4ef8-4c9f-8cc2-219bd8e73636,wahai,yaa,يَا,yaa,يَا,Ucapan umum,Yaa akhi : Wahai saudaraku
f7afac9c-668a-4da2-adf8-2fab7ef753ef,warna,lawn,لَوْن,lawn,لون,Ucapan umum,Ayy lawn tufaddil aktsar? : Warna apa yang paling kamu suka?
722eeddb-3a2b-48c2-b852-376e17cb1c4a,Ya,aywah,أيوه,Na'am,نعم,Ucapan umum,Aywah ana faahim: Ya saya paham ucapanmu
aecec66c-1db8-4286-bdbb-3cb94bca0c86,yang,allī,اللِّي,alladhī,الَّذِي,Ucapan umum,Hādha huwa allī abghāh. : Ini dia yang saya mau.
cff1c711-0793-401b-9044-73965d958904,yang bagus,ahsan,أَحْسَن,ajwād,أَجْوَد,Ucapan umum,Abghoo shay ahsan min dah. : Saya mau sesuatu yang lebih bagus dari ini.
b6f45da9-85c4-4c7a-9231-185519a2e788,yang besar,kabiir,كَبِير,kabīr,كَبِير,Belanja dan harga,Abghoo al bayt al kabiir. : Saya mau rumah yang besar.
3364820b-41ad-426b-ab61-2723aae7ec56,yang ini,haadza,هَذَا,hādhā,هَذَا,Ucapan umum,Abghoo haadza al qalam. : Saya mau pulpen yang ini.
2fe4a717-b226-41b4-9611-560ad57400a7,yang lebih murah,arkhosh,أَرْخَص,arkhaṣ,أَرْخَص,Belanja dan harga,Fii shay arkhosh min haadza? : Ada yang lebih murah dari ini?
17418dea-f5b1-4be0-9f75-082dba6a4875,yang termahal,aghlaa,أَغْلَى,aghlā,أَغْلَى,Belanja dan harga,Haadza aghlaa shay fii dukkaan. : Ini yang termahal di toko.
